기준연도,자치구명,행정동명,행정동코드,IVI,CDI,RII,CCI,CCI_rank,CCI_grade,IVI_top30_flag,CDI_top30_flag,RII_top30_flag,triple_high_flag,risk_type
2021,종로구,사직동,1101053,0.4434581107649137,0.4282733291164727,0.418280985395237,0.4308499214734166,240,3,1,0,1,0,사회고립+수해취약형
2021,종로구,삼청동,1101054,0.5581404582754239,0.5968627397685626,0.1229752486516822,0.41551320528039903,284,2,1,0,0,0,사회고립 단일취약형
2021,종로구,부암동,1101055,0.4089046551024951,0.8472340031463208,0.2318930088838097,0.45653291593691164,185,3,0,1,0,0,인프라 단일취약형
2021,종로구,평창동,1101056,0.3942422279779305,0.8336145322765612,0.1397996682434415,0.41503040814551706,286,2,0,1,0,0,인프라 단일취약형
2021,종로구,무악동,1101057,0.3603253632117046,0.7914332059399056,0.0242064534655718,0.3504607054826084,372,1,0,1,0,0,인프라 단일취약형
2021,종로구,교남동,1101058,0.3735058521014387,0.6744472465646782,0.2572866431097447,0.4080644775701557,306,2,0,0,0,0,상대적 저위험지역
2021,종로구,가회동,1101060,0.49442921424689246,0.6620986732310177,0.3230668210231187,0.4763697413646029,140,4,1,0,0,0,사회고립 단일취약형
2021,종로구,종로1·2·3·4가동,1101061,0.8075229050266126,0.1907569567714695,0.3261855648871716,0.4848633489140225,119,4,1,0,0,0,사회고립 단일취약형
2021,종로구,종로5·6가동,1101063,0.577115420947105,0.3623069302472718,0.4289208972953516,0.471545214994033,151,4,1,0,1,0,사회고립+수해취약형
2021,종로구,이화동,1101064,0.4586835052020676,0.5687873001971094,0.3511091920529653,0.4485584443486422,196,3,1,0,0,0,사회고립 단일취약형
2021,종로구,창신1동,1101067,0.6844829841402311,0.4633049700478002,0.3511091920529653,0.5125076533865803,61,5,1,0,0,0,사회고립 단일취약형
2021,종로구,창신2동,1101068,0.5099356114883042,0.7428986527185252,0.3153949063386796,0.5000871249934908,78,5,1,0,0,0,사회고립 단일취약형
2021,종로구,창신3동,1101069,0.4006368623262122,0.9206966006583618,0.273728239672013,0.48623377898027986,115,4,0,1,0,0,인프라 단일취약형
2021,종로구,숭인1동,1101070,0.4993508215225688,0.7327699770026987,0.3153949063386796,0.49332104007824007,100,4,1,0,0,0,사회고립 단일취약형
2021,종로구,숭인2동,1101071,0.4941053198373314,0.6330698243687969,0.3511091920529653,0.4787978012456696,133,4,1,0,0,0,사회고립 단일취약형
2021,종로구,청운효자동,1101072,0.399484344728413,0.7656995850088933,0.3686279731686099,0.48023842475260203,131,4,0,0,0,0,상대적 저위험지역
2021,종로구,혜화동,1101073,0.3432853281233426,0.6058401265582267,0.3897996682434416,0.4252040467740983,256,2,0,0,1,0,수해 단일취약형
2021,중구,소공동,1102052,0.2311757698711715,0.0431510410423977,0.3511091920529653,0.2261462854276059,425,1,0,0,0,0,상대적 저위험지역
2021,중구,회현동,1102054,0.7038449963813644,0.3178451148784087,0.3153949063386796,0.47138749449068584,153,4,1,0,0,0,사회고립 단일취약형
2021,중구,명동,1102055,0.49037833969976685,0.0943158997172484,0.3897996682434416,0.3561601946944234,368,1,1,0,1,0,사회고립+수해취약형
2021,중구,필동,1102057,0.5541552930921478,0.4501425583397553,0.3109310364679517,0.44302361958558106,208,3,1,0,0,0,사회고립 단일취약형
2021,중구,장충동,1102058,0.4238439061526289,0.6906842192274116,0.3830775279411831,0.47628575204731854,141,4,0,0,1,0,수해 단일취약형
2021,중구,광희동,1102059,0.5215884634450383,0.3510523025535246,0.523728239672013,0.47970334490160094,132,4,1,0,1,0,사회고립+수해취약형
2021,중구,을지로동,1102060,0.8161665637071287,0.1847370767408096,0.3511091920529653,0.4955391118865917,89,4,1,0,0,0,사회고립 단일취약형
2021,중구,신당5동,1102065,0.4495249293261607,0.6820355346900484,0.3511091920529653,0.4732070726215143,146,4,1,0,0,0,사회고립 단일취약형
2021,중구,황학동,1102067,0.407149374388144,0.5804005786407374,0.4996210968148702,0.48282727830064653,123,4,0,0,1,0,수해 단일취약형
2021,중구,중림동,1102068,0.4178916580864016,0.7298930757545354,0.273728239672013,0.445434816058399,202,3,0,0,0,0,상대적 저위험지역
2021,중구,신당동,1102069,0.4784307292432054,0.4975944066150015,0.4314663349101082,0.46678411056957037,162,4,1,0,1,0,사회고립+수해취약형
2021,중구,다산동,1102070,0.44930691847470294,0.6798734770183377,0.2532012565287905,0.43831157642954227,223,3,1,0,0,0,사회고립 단일취약형
2021,중구,약수동,1102071,0.5420926305069046,0.7321567407928053,0.230098770708107,0.48041080714880063,130,4,1,0,0,0,사회고립 단일취약형
2021,중구,청구동,1102072,0.4798936011900249,0.8979378957535313,0.27385129204309,0.5122898666294743,63,5,1,1,0,0,사회고립+인프라취약형
2021,중구,동화동,1102073,0.36900198578351895,0.7335046876630809,0.3511091920529653,0.45386518344771565,190,3,0,0,0,0,상대적 저위험지역
2021,용산구,후암동,1103051,0.4577697471538625,0.7345770980490698,0.3011580315745992,0.47215748442492217,149,4,1,0,0,0,사회고립 단일취약형
2021,용산구,용산2가동,1103052,0.4633834698506347,0.757983791844648,0.3897996682434416,0.5112792197866205,69,5,1,0,1,0,사회고립+수해취약형
2021,용산구,남영동,1103053,0.7541647869883625,0.4768811792414094,0.3511091920529653,0.5437744268242353,25,5,1,0,0,0,사회고립 단일취약형
2021,용산구,원효로2동,1103057,0.37428227548699866,0.8093524978361696,0.4489968754569695,0.5091999410637812,71,5,0,1,1,0,인프라+수해취약형
2021,용산구,효창동,1103058,0.3189343479247789,0.7244510949532597,0.3153949063386796,0.4190747301267643,274,2,0,0,0,0,상대적 저위험지역
2021,용산구,용문동,1103059,0.4014507716846709,0.7272908661203653,0.3632713542151275,0.4695479991792543,157,4,0,0,0,0,상대적 저위험지역
2021,용산구,이촌1동,1103063,0.3377681504858609,0.7848527629189272,0.5712008248582046,0.5312407396244477,32,5,0,1,1,0,인프라+수해취약형
2021,용산구,이촌2동,1103064,0.48547562851060094,0.93099730797659,0.2981973926853137,0.5313086658382478,31,5,1,1,0,0,사회고립+인프라취약형
2021,용산구,이태원1동,1103065,0.423876820202565,0.6363177032224937,0.2699711304516921,0.42312004954474164,264,2,0,0,0,0,상대적 저위험지역
2021,용산구,이태원2동,1103066,0.4272224064452067,0.7201108424624509,0.1591188205540871,0.40660826038762593,308,2,0,0,0,0,상대적 저위험지역
2021,용산구,서빙고동,1103069,0.3580798290656516,0.950911902910721,0.5504998158042397,0.5736348428854248,13,5,0,1,1,0,인프라+수해취약형
2021,용산구,보광동,1103070,0.4821230503664956,0.7086478127387676,0.3231272818422199,0.48310572197606716,121,4,1,0,0,0,사회고립 단일취약형
2021,용산구,청파동,1103071,0.431110197288622,0.7088334274785351,0.180267388905284,0.41274602190193194,297,2,0,0,0,0,상대적 저위험지역
2021,용산구,원효로1동,1103072,0.3051025480218451,0.7102785344244311,0.364745555689329,0.427271597306111,253,3,0,0,0,0,상대적 저위험지역
2021,용산구,한강로동,1103073,0.3488196705590775,0.5323702005560487,0.5689395072776467,0.4717492459098195,150,4,0,0,1,0,수해 단일취약형
2021,용산구,한남동,1103074,0.4183906161007848,0.6956284259722225,0.3439086053477179,0.46163136480507083,172,3,0,0,0,0,상대적 저위험지역
2021,성동구,왕십리2동,1104052,0.3488313590850473,0.7726537588819895,0.3153949063386796,0.4430842005730542,207,3,0,1,0,0,인프라 단일취약형
2021,성동구,마장동,1104054,0.40204687931758853,0.7312639316829983,0.4361761068616221,0.49629637204935273,87,4,0,0,1,0,수해 단일취약형
2021,성동구,사근동,1104055,0.2833645327266434,0.582358713562545,0.237047277632954,0.34190203865282753,385,1,0,0,0,0,상대적 저위험지역
2021,성동구,행당1동,1104056,0.3370673082126825,0.5615488154934675,0.4314663349101082,0.42622734437697773,254,3,0,0,1,0,수해 단일취약형
2021,성동구,행당2동,1104057,0.351706124066705,0.8698251525014191,0.2964611528593734,0.4619001412528174,170,4,0,1,0,0,인프라 단일취약형
2021,성동구,응봉동,1104058,0.3462271903678201,0.958266256596794,0.1621373316678993,0.4348055063800913,232,3,0,1,0,0,인프라 단일취약형
2021,성동구,금호1가동,1104059,0.40240507360268896,0.8041443676972245,0.311187032193371,0.4709135826330616,155,4,0,1,0,0,인프라 단일취약형
2021,성동구,금호4가동,1104062,0.38899913098936045,0.7245111520951906,0.3002929552563255,0.4418299747592558,213,3,0,0,0,0,상대적 저위험지역
2021,성동구,성수1가1동,1104065,0.3064444255032136,0.752357897374579,0.2074559996199407,0.38327684441190946,345,1,0,0,0,0,상대적 저위험지역
2021,성동구,성수1가2동,1104066,0.32137548775801966,0.5778425657011066,0.1934222593434309,0.34070862729868534,389,1,0,0,0,0,상대적 저위험지역
2021,성동구,성수2가1동,1104067,0.4352945426128012,0.6584587825099706,0.3041432122060547,0.4451826369447323,203,3,1,0,0,0,사회고립 단일취약형
2021,성동구,성수2가3동,1104068,0.3846399381664014,0.4744675839857318,0.3511091920529653,0.3953610884815314,326,2,0,0,0,0,상대적 저위험지역
2021,성동구,송정동,1104069,0.42036581133865286,0.8069346483518587,0.3897996682434416,0.5063098705086304,73,5,0,1,1,0,인프라+수해취약형
2021,성동구,용답동,1104070,0.45856704634442613,0.6497585804338373,0.3174221637972838,0.45696422097527906,181,3,1,0,0,0,사회고립 단일취약형
2021,성동구,왕십리도선동,1104071,0.32678169195981044,0.6327736357709806,0.3897996682434416,0.42533596961187387,255,3,0,0,1,0,수해 단일취약형
2021,성동구,금호2·3가동,1104072,0.3757087947328831,0.5290766592839817,0.1796001929481176,0.34541275024598983,379,1,0,0,0,0,상대적 저위험지역
2021,성동구,옥수동,1104073,0.31904614211842586,0.7828161508757042,0.2602731563552972,0.41441809929065043,288,2,0,1,0,0,인프라 단일취약형
2021,광진구,화양동,1105053,0.25083890355277616,0.4716368396515773,0.3511091920529653,0.34113298855254265,387,1,0,0,0,0,상대적 저위험지역
2021,광진구,군자동,1105054,0.35510549272311753,0.6304574622501569,0.3451711604414815,0.4204664688063047,269,2,0,0,0,0,상대적 저위험지역
2021,광진구,중곡1동,1105055,0.38112395941535576,0.6053506440636515,0.3541976946127143,0.4277564378965052,249,3,0,0,0,0,상대적 저위험지역
2021,광진구,중곡2동,1105056,0.33946163296371457,0.6202011632751343,0.3153949063386796,0.40122316122280727,316,2,0,0,0,0,상대적 저위험지역
2021,광진구,중곡3동,1105057,0.44091468963346087,0.7057660067168898,0.2724425052321199,0.44816225436384877,199,3,1,0,0,0,사회고립 단일취약형
2021,광진구,중곡4동,1105058,0.4016767959344089,0.7470810865771158,0.131387031820884,0.3934264511553519,327,2,0,0,0,0,상대적 저위험지역
2021,광진구,능동,1105059,0.3098417530219949,0.62136102775787,0.2729729186448125,0.37481747967394985,353,1,0,0,0,0,상대적 저위험지역
2021,광진구,구의1동,1105060,0.33624599725447,0.6821737157072848,0.3511091920529653,0.42793004504714705,247,3,0,0,0,0,상대적 저위험지역
2021,광진구,구의2동,1105061,0.3594881108832832,0.7339245885674701,0.3227972724321768,0.44025543684644275,217,3,0,0,0,0,상대적 저위험지역
2021,광진구,구의3동,1105062,0.2826313452799344,0.6420857383452737,0.3192961881345252,0.385327638545376,341,1,0,0,0,0,상대적 저위험지역
2021,광진구,광장동,1105063,0.18260167424222068,0.7433911525962378,0.3507407509620023,0.3816477206826485,347,1,0,0,0,0,상대적 저위험지역
2021,광진구,자양1동,1105064,0.3751284156250202,0.6013469264012395,0.3511091920529653,0.42327631506885577,262,2,0,0,0,0,상대적 저위험지역
2021,광진구,자양2동,1105065,0.3346519736624377,0.7481778727974493,0.4783029480557526,0.48831128948385083,111,4,0,0,1,0,수해 단일취약형
2021,광진구,자양3동,1105066,0.2953706561753214,0.7382092908987269,0.3452792189763032,0.42354831183651637,260,2,0,0,0,0,상대적 저위험지역
2021,광진구,자양4동,1105067,0.43386416306188225,0.6241442864841249,0.3136010498265116,0.43934210428506315,220,3,1,0,0,0,사회고립 단일취약형
2021,동대문구,회기동,1106071,0.32458942277684827,0.5622502325791197,0.2361982715600258,0.3530677223015283,370,1,0,0,0,0,상대적 저위험지역
2021,동대문구,휘경1동,1106072,0.2991186543213469,0.638615460596738,0.3740329196761769,0.41021284876438513,304,2,0,0,0,0,상대적 저위험지역
2021,동대문구,휘경2동,1106073,0.35509074238720617,0.835586283105166,0.3168988253643385,0.4618474566086925,171,3,0,1,0,0,인프라 단일취약형
2021,동대문구,청량리동,1106080,0.69007097252072,0.689833587260595,0.2305321597606303,0.5291730417396574,34,5,1,0,0,0,사회고립 단일취약형
2021,동대문구,용신동,1106081,0.4741107420295744,0.612980257008361,0.4761091920529653,0.5095275782824579,70,5,1,0,1,0,사회고립+수해취약형
2021,동대문구,제기동,1106082,0.5604561880412529,0.4514531894274186,0.4047184800310153,0.47869724058421115,135,4,1,0,1,0,사회고립+수해취약형
2021,동대문구,전농1동,1106083,0.49715170370383327,0.7413218166453414,0.5947866255904105,0.5923664545995123,8,5,1,0,1,0,사회고립+수해취약형
2021,동대문구,전농2동,1106084,0.4198164142943246,0.8130268375691811,0.4199147855867702,0.5181534500653947,52,5,0,1,1,0,인프라+수해취약형
2021,동대문구,답십리2동,1106086,0.4331098523937958,0.7268716581552419,0.4771139476255353,0.5219517371652661,48,5,1,0,1,0,사회고립+수해취약형
2021,동대문구,장안1동,1106087,0.37186797916821257,0.6707559933528244,0.5966847912201411,0.5252758669325406,43,5,0,0,1,0,수해 단일취약형
2021,동대문구,장안2동,1106088,0.35494239151138113,0.622149460371291,0.4518066525624793,0.455646650094243,186,3,0,0,1,0,수해 단일취약형
2021,동대문구,이문1동,1106089,0.3631734021498842,0.6427666983857507,0.2343717305878721,0.3879911411621466,337,2,0,0,0,0,상대적 저위험지역
2021,동대문구,이문2동,1106090,0.4447457545099665,0.8474782782810089,0.1583236872537593,0.4451811619130546,204,3,1,1,0,0,사회고립+인프라취약형
2021,동대문구,답십리1동,1106091,0.31145039706147565,0.6911321632223131,0.6537732119981224,0.5261838238295113,41,5,0,0,1,0,수해 단일취약형
2021,중랑구,면목2동,1107052,0.4832254637608061,0.7555324329830847,0.2963909049702328,0.4859101104896751,117,4,1,0,0,0,사회고립 단일취약형
2021,중랑구,면목4동,1107054,0.4710320843742513,0.8425254943740036,0.2739568336092586,0.49492909910644195,93,4,1,1,0,0,사회고립+인프라취약형
2021,중랑구,면목5동,1107055,0.3383561967902854,0.8355817884103254,0.2973216879591617,0.44830051660440207,198,3,0,1,0,0,인프라 단일취약형
2021,중랑구,면목7동,1107057,0.4443316010469177,0.6643919612243622,0.1196127963830747,0.3856951094589338,340,2,1,0,0,0,사회고립 단일취약형
2021,중랑구,상봉1동,1107059,0.36670595315447957,0.7722226721732064,0.3417342814848399,0.4593450478247874,175,3,0,1,0,0,인프라 단일취약형
2021,중랑구,상봉2동,1107060,0.39470080310453526,0.5941375270800029,0.3511091920529653,0.42930292023035266,244,3,0,0,0,0,상대적 저위험지역
2021,중랑구,중화1동,1107061,0.41616539258137264,0.7875772624329651,0.3511091920529653,0.48624868985932823,113,4,0,1,0,0,인프라 단일취약형
2021,중랑구,중화2동,1107062,0.5198468249555321,0.7359472699332685,0.2366721992264756,0.47476081719479646,145,4,1,0,0,0,사회고립 단일취약형
2021,중랑구,묵1동,1107064,0.34687719705136116,0.8180556622027106,0.4314663349101082,0.49427801158976004,97,4,0,1,1,0,인프라+수해취약형
2021,중랑구,묵2동,1107065,0.4496604678090056,0.7479754184331178,0.2400314470715935,0.4508690482069394,193,3,1,0,0,0,사회고립 단일취약형
2021,중랑구,망우3동,1107068,0.5233957367314666,0.823619832949405,0.2744138270372463,0.511308092392974,68,5,1,1,0,0,사회고립+인프라취약형
2021,중랑구,신내1동,1107069,0.3544420879430662,0.8165944733861241,0.472982038601755,0.5114691670343717,65,5,0,1,1,0,인프라+수해취약형
2021,중랑구,신내2동,1107070,0.4771316504148151,0.7742851572903979,0.523728239672013,0.56772883337373,15,5,1,1,1,1,복합위기 최고위험지역
2021,중랑구,면목본동,1107071,0.45763584820937475,0.6587462536091602,0.3153949063386796,0.45812911990457783,179,3,1,0,0,0,사회고립 단일취약형
2021,중랑구,면목3·8동,1107072,0.4850336590749601,0.4611619128756876,0.1528299671537722,0.36279443035272624,364,1,1,0,0,0,사회고립 단일취약형
2021,중랑구,망우본동,1107073,0.4705872532261064,0.6348012949439054,0.2582743500045256,0.4373312475280029,227,3,1,0,0,0,사회고립 단일취약형
2021,성북구,돈암1동,1108058,0.43445607839450573,0.9029500619821548,0.0959116601810955,0.43308902791672443,235,3,1,1,0,0,사회고립+인프라취약형
2021,성북구,돈암2동,1108059,0.2744068762116161,0.9779484419047404,0.1833416515360512,0.41841943899844947,278,2,0,1,0,0,인프라 단일취약형
2021,성북구,안암동,1108060,0.3372933595776302,0.6280541202955576,0.3434950802927533,0.41215415200740513,299,2,0,0,0,0,상대적 저위험지역
2021,성북구,보문동,1108061,0.3898170696179448,0.7077994387924571,0.3781741636954588,0.4652376448387028,166,4,0,0,0,0,상대적 저위험지역
2021,성북구,정릉1동,1108062,0.35609859662132626,0.7901122548150821,0.0975255143843526,0.3741014323868244,354,1,0,1,0,0,인프라 단일취약형
2021,성북구,정릉2동,1108063,0.41776107794297823,0.7947208230661882,0.207194907099698,0.43830285442863265,224,3,0,1,0,0,인프라 단일취약형
2021,성북구,정릉3동,1108064,0.4986430349982063,0.8618980376085432,0.319550933641595,0.5267745501759765,39,5,1,1,0,0,사회고립+인프라취약형
2021,성북구,정릉4동,1108065,0.4305818775162863,0.7893286738741888,0.2235954364131827,0.4478233222196757,200,3,0,1,0,0,인프라 단일취약형
2021,성북구,길음1동,1108066,0.25625364151608254,0.7597691058362863,0.2154333894998834,0.3678454193904638,361,1,0,0,0,0,상대적 저위험지역
2021,성북구,길음2동,1108068,0.36408693377904217,0.6861007847247559,0.3153949063386796,0.4275481869113437,250,3,0,0,0,0,상대적 저위험지역
2021,성북구,월곡1동,1108071,0.3936423179639726,0.7854139389260357,0.3511091920529653,0.47669862913563577,139,4,0,1,0,0,인프라 단일취약형
2021,성북구,월곡2동,1108072,0.4149316591076166,0.6821621049579338,0.4456288413460439,0.49248328435364547,103,4,0,0,1,0,수해 단일취약형
2021,성북구,장위1동,1108076,0.39202871500036307,0.8217884268002369,0.379655351899593,0.495137965865062,92,4,0,1,1,0,인프라+수해취약형
2021,성북구,장위2동,1108077,0.5163135870194432,0.7185696778528982,0.3835485512060705,0.5204098471931266,50,5,1,0,1,0,사회고립+수해취약형
2021,성북구,장위3동,1108078,0.2875269760145218,0.7831681873155487,0.3774921006307934,0.44292507245547363,209,3,0,1,0,0,인프라 단일취약형
2021,성북구,성북동,1108081,0.42164580827935205,0.7120354796557007,0.3566210199174305,0.4714845501967666,152,4,0,0,0,0,상대적 저위험지역
2021,성북구,삼선동,1108082,0.4059472103694973,0.6347065931841613,0.3417710880924839,0.4406754132762086,216,3,0,0,0,0,상대적 저위험지역
2021,성북구,동선동,1108083,0.3691382913669792,0.5049176090260109,0.2685809636236103,0.367888056071558,360,1,0,0,0,0,상대적 저위험지역
2021,성북구,종암동,1108084,0.3871252311406439,0.7436118499540083,0.4325623458415643,0.49214987598930715,104,4,0,0,1,0,수해 단일취약형
2021,성북구,석관동,1108085,0.4610110728016214,0.7726087855366945,0.2781928748126654,0.4749241316892551,143,4,1,1,0,0,사회고립+인프라취약형
2021,강북구,번1동,1109060,0.5662235390064382,0.6273699477318218,0.5072757209311259,0.5608784048614248,20,5,1,0,1,0,사회고립+수해취약형
2021,강북구,번2동,1109061,0.7227068736845925,0.9280964809298056,0.3595070984186875,0.646934354152829,1,5,1,1,0,0,사회고립+인프라취약형
2021,강북구,번3동,1109062,0.8100168883489556,0.9030735893716544,0.1570873336482631,0.604755719459388,7,5,1,1,0,0,사회고립+인프라취약형
2021,강북구,수유1동,1109063,0.6067643645892111,0.6793104516422277,0.2479186835737453,0.49930489799705224,80,5,1,0,0,0,사회고립 단일취약형
2021,강북구,수유2동,1109064,0.5803498520027328,0.7757221253570401,0.4469872191906833,0.5825159988570923,11,5,1,1,1,1,복합위기 최고위험지역
2021,강북구,수유3동,1109065,0.5757296095580224,0.6091991373613361,0.4539124341792819,0.5414609801262917,27,5,1,0,1,0,사회고립+수해취약형
2021,강북구,삼양동,1109069,0.6064033637565467,0.7438561042765552,0.3161354938981919,0.5391727944361246,28,5,1,0,0,0,사회고립 단일취약형
2021,강북구,미아동,1109070,0.6030679711242759,0.681450434206023,0.3643314325721541,0.53910579840147,29,5,1,0,0,0,사회고립 단일취약형
2021,강북구,송중동,1109071,0.5297581575449767,0.7153596835166005,0.2477733416244754,0.4774638534657072,138,4,1,0,0,0,사회고립 단일취약형
2021,강북구,송천동,1109072,0.6636488847470216,0.7158270213780198,0.4689221166905919,0.6085390500850207,6,5,1,0,1,0,사회고립+수해취약형
2021,강북구,삼각산동,1109073,0.40190658647370925,0.772740367697554,0.2676361325602342,0.44762037290995416,201,3,0,1,0,0,인프라 단일취약형
2021,강북구,우이동,1109074,0.6060091903499571,0.8081868346860869,0.2041409657633577,0.5158997228286798,56,5,1,1,0,0,사회고립+인프라취약형
2021,강북구,인수동,1109075,0.5987486435545595,0.8301767300711924,0.2771143702654368,0.5440336695325247,24,5,1,1,0,0,사회고립+인프라취약형
2021,도봉구,쌍문1동,1110051,0.4589522853042195,0.8648952309345295,0.2461925509573785,0.48597211469040263,116,4,1,1,0,0,사회고립+인프라취약형
2021,도봉구,쌍문2동,1110052,0.48535404513763003,0.752394325823628,0.5149808486257142,0.562483496529959,18,5,1,0,1,0,사회고립+수해취약형
2021,도봉구,쌍문3동,1110053,0.4721369719171744,0.7157057080323492,0.3153949063386796,0.47816943299349496,136,4,1,0,0,0,사회고립 단일취약형
2021,도봉구,쌍문4동,1110054,0.32349530910331,0.9219476819447452,0.3929960923968135,0.497433676466395,85,5,0,1,1,0,인프라+수해취약형
2021,도봉구,방학1동,1110055,0.4567957208187641,0.710892197219648,0.4772932537723726,0.527493976452748,37,5,1,0,1,0,사회고립+수해취약형
2021,도봉구,방학2동,1110056,0.5434454990398224,0.7760310945451541,0.3117717774115082,0.5205060953462454,49,5,1,1,0,0,사회고립+인프라취약형
2021,도봉구,방학3동,1110057,0.37164250617447764,0.8875116357896113,0.2010422887265391,0.4408997124714825,215,3,0,1,0,0,인프라 단일취약형
2021,도봉구,창1동,1110059,0.41357469705195693,0.7811077305221593,0.374324529497951,0.4917203967756054,105,4,0,1,0,0,인프라 단일취약형
2021,도봉구,창2동,1110060,0.3865281723457493,0.7906767686123324,0.3932637442018976,0.489922771562047,107,4,0,1,1,0,인프라+수해취약형
2021,도봉구,창3동,1110061,0.5019969121078351,0.7327510773479613,0.3649982574267599,0.5117359242794903,64,5,1,0,0,0,사회고립 단일취약형
2021,도봉구,창4동,1110062,0.3312077233096059,0.7803877558078691,0.2496501532002857,0.41495758189590964,287,2,0,1,0,0,인프라 단일취약형
2021,도봉구,창5동,1110063,0.36428465521426057,0.6925866852988476,0.5968076181437293,0.5277431997607214,36,5,0,0,1,0,수해 단일취약형
2021,도봉구,도봉1동,1110064,0.6439874893568676,0.7910254853840452,0.3165573440132648,0.566146437493401,17,5,1,1,0,0,사회고립+인프라취약형
2021,도봉구,도봉2동,1110065,0.523485398298693,0.9275175060413156,0.3915126375992959,0.5783029589895596,12,5,1,1,1,1,복합위기 최고위험지역
2021,노원구,월계1동,1111051,0.4198827814988523,0.7153019902173283,0.5738958749098545,0.5476421663723221,23,5,0,0,1,0,수해 단일취약형
2021,노원구,월계2동,1111052,0.549033180185806,0.9407217062436388,0.4612945420906026,0.616246788366943,4,5,1,1,1,1,복합위기 최고위험지역
2021,노원구,월계3동,1111053,0.4824552899350171,0.9532859413246172,0.2625237689986709,0.523186920454696,44,5,1,1,0,0,사회고립+인프라취약형
2021,노원구,공릉2동,1111056,0.2818288482547449,0.7421851158418775,0.3787245519317173,0.43083141143846837,241,3,0,0,1,0,수해 단일취약형
2021,노원구,하계1동,1111058,0.46630637321518753,0.828751290516268,0.2491647611406935,0.48091803831438473,128,4,1,1,0,0,사회고립+인프라취약형
2021,노원구,하계2동,1111059,0.34068249389888433,0.9285476760920824,0.1219176481432899,0.41108109343272586,300,2,0,1,0,0,인프라 단일취약형
2021,노원구,중계본동,1111060,0.2410776961194135,0.6448533327951029,0.1792617156989542,0.32038601214117507,404,1,0,0,0,0,상대적 저위험지역
2021,노원구,중계1동,1111061,0.20141149683099147,0.63279179304394,0.0781855777363086,0.2661274992010896,421,1,0,0,0,0,상대적 저위험지역
2021,노원구,중계4동,1111064,0.5134104702947532,0.818701582237541,0.2113113531007255,0.4839985572625405,120,4,1,1,0,0,사회고립+인프라취약형
2021,노원구,상계1동,1111065,0.3978685499261807,0.7871337148322244,0.4191627297334855,0.5026378040852484,76,5,0,1,1,0,인프라+수해취약형
2021,노원구,상계2동,1111066,0.39071585635739114,0.5520580692054563,0.3571618016153295,0.41930749040968585,273,2,0,0,0,0,상대적 저위험지역
2021,노원구,상계5동,1111069,0.5069821876395588,0.7882351747918903,0.3315698692398274,0.5159011229877357,55,5,1,1,0,0,사회고립+인프라취약형
2021,노원구,상계8동,1111072,0.28112252734040233,0.7518584420778955,0.2894583231949883,0.40172403457388073,313,2,0,0,0,0,상대적 저위험지역
2021,노원구,상계9동,1111073,0.37107405423800394,0.7933587982693562,0.1926952972948602,0.4142126753157417,289,2,0,1,0,0,인프라 단일취약형
2021,노원구,상계10동,1111074,0.3041922572059348,0.971826681011472,0.3474569504758958,0.4862435058018054,114,4,0,1,0,0,인프라 단일취약형
2021,노원구,상계3·4동,1111076,0.5839688637143798,0.5435630062008016,0.1848671662942365,0.4341818052389351,233,3,1,0,0,0,사회고립 단일취약형
2021,노원구,상계6·7동,1111077,0.35826635154571057,0.2556637668319113,0.3073295506335466,0.3147878250480034,406,1,0,0,0,0,상대적 저위험지역
2021,노원구,중계2·3동,1111078,0.5632843280560131,0.5640974422711157,0.0835822499304459,0.3955918792658402,325,2,1,0,0,0,사회고립 단일취약형
2021,노원구,공릉1동,1111079,0.4267187950389183,0.6932335749647227,0.4975342783075246,0.5181329091643816,53,5,0,0,1,0,수해 단일취약형
2021,은평구,녹번동,1112051,0.45738169458078604,0.8118793419261631,0.4454979934892952,0.5418468110351085,26,5,1,1,1,1,복합위기 최고위험지역
2021,은평구,불광1동,1112052,0.46150650692076456,0.7374802106522029,0.3595056950962051,0.49479964871502835,94,4,1,0,0,0,사회고립 단일취약형
2021,은평구,갈현1동,1112055,0.473869791092839,0.6896582090006715,0.4296562404369549,0.5123421528402378,62,5,1,0,1,0,사회고립+수해취약형
2021,은평구,갈현2동,1112056,0.38494335157278187,0.7304532350534292,0.5554545151856173,0.5309997297074361,33,5,0,0,1,0,수해 단일취약형
2021,은평구,구산동,1112057,0.39907331121169876,0.8460887834939361,0.4310692394136908,0.5220257541529554,47,5,0,1,1,0,인프라+수해취약형
2021,은평구,대조동,1112058,0.46068055093502175,0.576390992240069,0.4593024259511709,0.48912581751693573,109,4,1,0,1,0,사회고립+수해취약형
2021,은평구,응암1동,1112059,0.34170940850471676,0.6737251954092305,0.4331670210955893,0.45672351963765057,182,3,0,0,1,0,수해 단일취약형
2021,은평구,응암2동,1112060,0.3033796100925409,0.8123345379021117,0.3953279926156116,0.4628002759280083,169,4,0,1,1,0,인프라+수해취약형
2021,은평구,신사1동,1112065,0.38179837246462694,0.7649990667609261,0.3153949063386796,0.4543573328946202,189,3,0,0,0,0,상대적 저위험지역
2021,은평구,신사2동,1112066,0.423675916394885,0.8224788595916661,0.5046260571509233,0.5517092014586937,22,5,0,1,1,0,인프라+수해취약형
2021,은평구,증산동,1112067,0.4551827152664907,0.7430683923000758,0.4545749350045715,0.5269414114332153,38,5,1,0,1,0,사회고립+수해취약형
2021,은평구,수색동,1112068,0.3808431702583127,0.8269744136807121,0.2384453008657369,0.442536726826511,211,3,0,1,0,0,인프라 단일취약형
2021,은평구,진관동,1112071,0.2624828743166261,0.7776985514419743,0.1180535431658549,0.3407365276951932,388,1,0,1,0,0,인프라 단일취약형
2021,은평구,불광2동,1112072,0.5304472190360872,0.8024495056238526,0.3303606076824397,0.5284174767092519,35,5,1,1,0,0,사회고립+인프라취약형
2021,은평구,응암3동,1112073,0.5572722211791021,0.7030395217669803,0.633466371134397,0.6203819988104249,3,5,1,0,1,0,사회고립+수해취약형
2021,은평구,역촌동,1112074,0.4118336554095875,0.7827697278260642,0.4389715387446408,0.5140659326809753,58,5,0,1,1,0,인프라+수해취약형
2021,서대문구,천연동,1113052,0.47387638906047813,0.7396605880438243,0.1391184741832949,0.4231571685993005,263,2,1,0,0,0,사회고립 단일취약형
2021,서대문구,홍제1동,1113062,0.43205106750292427,0.7440919509539103,0.3396277204782398,0.4777131169070312,137,4,0,0,0,0,상대적 저위험지역
2021,서대문구,홍제3동,1113064,0.5651430105540067,0.6134158715739043,0.3272489802614392,0.4939483152065825,99,4,1,0,0,0,사회고립 단일취약형
2021,서대문구,홍제2동,1113065,0.4591409646107242,0.8286214484812878,0.2597866069465235,0.4817370603958948,126,4,1,1,0,0,사회고립+인프라취약형
2021,서대문구,홍은1동,1113066,0.45217559221966647,0.8636689188289243,0.1786382160280878,0.4593108422049284,176,3,1,1,0,0,사회고립+인프라취약형
2021,서대문구,홍은2동,1113068,0.4265510440499204,0.8515162155942304,0.1366517426976151,0.431327581462691,239,3,0,1,0,0,인프라 단일취약형
2021,서대문구,남가좌1동,1113069,0.28617126751737376,0.6471848114408272,0.1862283035174485,0.34144461609826326,386,1,0,0,0,0,상대적 저위험지역
2021,서대문구,남가좌2동,1113070,0.3702492121977753,0.7320695018838156,0.3042005985700047,0.4375872698495657,225,3,0,0,0,0,상대적 저위험지역
2021,서대문구,북가좌1동,1113071,0.33318138628961746,0.8052150002579341,0.3856046687592397,0.4695379386460644,158,4,0,1,1,0,인프라+수해취약형
2021,서대문구,북가좌2동,1113072,0.45452685074602617,0.7908314906732955,0.3312704586656082,0.49546327349969727,90,4,1,1,0,0,사회고립+인프라취약형
2021,서대문구,충현동,1113073,0.4002123767643827,0.7360041965009325,0.3336071041241588,0.46084848627444175,174,3,0,0,0,0,상대적 저위험지역
2021,서대문구,북아현동,1113074,0.35060139515917677,0.7303229355707472,0.3153949063386796,0.4332095091748954,234,3,0,0,0,0,상대적 저위험지역
2021,서대문구,신촌동,1113075,0.24960282847593862,0.3971508425914627,0.376154506818058,0.3307829194245614,396,1,0,0,0,0,상대적 저위험지역
2021,서대문구,연희동,1113076,0.36023598228347975,0.7394755160514165,0.2402123558380312,0.41303759646955696,295,2,0,0,0,0,상대적 저위험지역
2021,마포구,용강동,1114059,0.29544468216986475,0.69648163066128,0.4641112471826367,0.4547372170471887,188,3,0,0,1,0,수해 단일취약형
2021,마포구,대흥동,1114060,0.35025498089904417,0.4699063156397709,0.4419015723208913,0.41224412158187235,298,2,0,0,1,0,수해 단일취약형
2021,마포구,염리동,1114061,0.29089741896825316,0.7662756582205951,0.3630139539577273,0.4349827660276546,231,3,0,0,0,0,상대적 저위험지역
2021,마포구,신수동,1114063,0.310025216803015,0.7767756562618303,0.5068512375946765,0.49560193394480034,88,4,0,1,1,0,인프라+수해취약형
2021,마포구,서교동,1114066,0.28801543122611517,0.3596578447501163,0.408088334543276,0.34795155076812173,375,1,0,0,1,0,수해 단일취약형
2021,마포구,합정동,1114068,0.34538971196187834,0.6781800896184844,0.3322752675763716,0.4239972508411025,259,2,0,0,0,0,상대적 저위험지역
2021,마포구,망원1동,1114069,0.381130633797965,0.6394316311790529,0.2540770257262985,0.4012371203181537,315,2,0,0,0,0,상대적 저위험지역
2021,마포구,망원2동,1114070,0.35756319486128163,0.7140539594894066,0.3675604408723157,0.45018492212217476,194,3,0,0,0,0,상대적 저위험지역
2021,마포구,연남동,1114071,0.326709086171052,0.7387883558190707,0.3669938394826509,0.4438285672421163,206,3,0,0,0,0,상대적 저위험지역
2021,마포구,성산1동,1114072,0.375436255167765,0.7771765542440543,0.4157560710557584,0.48998326549763505,106,4,0,1,1,0,인프라+수해취약형
2021,마포구,성산2동,1114073,0.37832651305440157,0.7474153855633471,0.2780729836853871,0.4355099959024829,229,3,0,0,0,0,상대적 저위험지역
2021,마포구,상암동,1114074,0.2702941199503303,0.6035718086379114,0.2478382632040557,0.34575399226102943,378,1,0,0,0,0,상대적 저위험지역
2021,마포구,도화동,1114075,0.37740440852640633,0.6248106888979259,0.2607814445439398,0.398437941225423,322,2,0,0,0,0,상대적 저위험지역
2021,마포구,서강동,1114076,0.2904887693218694,0.7208317925702397,0.6353983994271567,0.5187928956708125,51,5,0,0,1,0,수해 단일취약형
2021,마포구,공덕동,1114077,0.40726485221819725,0.7042500912615908,0.3706090784122552,0.468681641146966,161,4,0,0,0,0,상대적 저위험지역
2021,마포구,아현동,1114078,0.24926245012957565,0.5786467596645564,0.3906340966591135,0.38108860379865905,348,1,0,0,1,0,수해 단일취약형
2021,양천구,목1동,1115051,0.18089572991317582,0.5058461394202096,0.2824132407699053,0.2976644610897896,415,1,0,0,0,0,상대적 저위험지역
2021,양천구,목2동,1115052,0.29460005056415484,0.7393550066494994,0.2750655836116301,0.3989517261521073,319,2,0,0,0,0,상대적 저위험지역
2021,양천구,목3동,1115053,0.3345293654320016,0.6183103161568055,0.3153949063386796,0.39877754243053987,320,2,0,0,0,0,상대적 저위험지역
2021,양천구,목4동,1115054,0.2900412152259476,0.639811267229423,0.3033057044607454,0.3821262994589957,346,1,0,0,0,0,상대적 저위험지역
2021,양천구,신월1동,1115057,0.5004961768550167,0.7264772196133196,0.493777383805087,0.5546398599771171,21,5,1,0,1,0,사회고립+수해취약형
2021,양천구,신월2동,1115058,0.3975547375410851,0.8583776162514157,0.5377530276694037,0.5618298587635793,19,5,0,1,1,0,인프라+수해취약형
2021,양천구,신월3동,1115059,0.5297843571858357,0.7622402811649965,0.273728239672013,0.4982786970507879,83,5,1,0,0,0,사회고립 단일취약형
2021,양천구,신월4동,1115060,0.3672771608300891,0.7875285546185226,0.3464293890973003,0.46504328917072135,167,4,0,1,0,0,인프라 단일취약형
2021,양천구,신월5동,1115061,0.3805919933720847,0.7451625997736551,0.4459331593401093,0.4946040530612859,96,4,0,0,1,0,수해 단일취약형
2021,양천구,신월6동,1115062,0.27091399111088943,0.6937209415010239,0.1541008252703516,0.33573112066423483,393,1,0,0,0,0,상대적 저위험지역
2021,양천구,신월7동,1115063,0.5132164711722252,0.8003362631830573,0.0785555405767213,0.4328650934665069,236,3,1,1,0,0,사회고립+인프라취약형
2021,양천구,신정1동,1115064,0.2514091282010101,0.6470531617914232,0.4051565824366746,0.404131745581096,310,2,0,0,1,0,수해 단일취약형
2021,양천구,신정2동,1115065,0.2980696926047911,0.6588405332916945,0.3036255332032763,0.3902069469859868,331,2,0,0,0,0,상대적 저위험지역
2021,양천구,신정3동,1115066,0.31936295740075826,0.7805730839613323,0.2774259908940316,0.41998755076354743,270,2,0,1,0,0,인프라 단일취약형
2021,양천구,신정6동,1115069,0.17593750863748037,0.9366782223466428,0.5259596402713849,0.48863043313663757,110,4,0,1,1,0,인프라+수해취약형
2021,양천구,신정7동,1115070,0.4155610940727742,0.8126335818777111,0.1943628964346645,0.4374098468506701,226,3,0,1,0,0,인프라 단일취약형
2021,양천구,목5동,1115071,0.1694857234123785,0.7468998771766926,0.3349621993406479,0.3717560284283513,358,1,0,0,0,0,상대적 저위험지역
2021,양천구,신정4동,1115072,0.40931439701540995,0.6618537899676231,0.4394156436658686,0.48298468158112384,122,4,0,0,1,0,수해 단일취약형
2021,강서구,염창동,1116051,0.17115662656713002,0.7011084606780968,0.1916708698554921,0.31082457024579846,410,1,0,0,0,0,상대적 저위험지역
2021,강서구,등촌1동,1116052,0.292749151486562,0.6034915021240621,0.3373531055068984,0.38604612305305475,339,2,0,0,0,0,상대적 저위험지역
2021,강서구,등촌2동,1116053,0.2971495621015491,0.7980999402146718,0.3153949063386796,0.42877302711282544,245,3,0,1,0,0,인프라 단일취약형
2021,강서구,등촌3동,1116054,0.6167226475827188,0.7198853687914377,0.4631392672409352,0.5887591447652742,10,5,1,0,1,0,사회고립+수해취약형
2021,강서구,화곡본동,1116055,0.3299834790857007,0.7419547898608134,0.3153949063386796,0.4278703063180215,248,3,0,0,0,0,상대적 저위험지역
2021,강서구,화곡2동,1116057,0.35681700524325916,0.7841263035705859,0.3567742166835072,0.46362935382917764,168,4,0,1,0,0,인프라 단일취약형
2021,강서구,화곡3동,1116058,0.38684647020603696,0.7099364787992797,0.3153949063386796,0.4426109250007726,210,3,0,0,0,0,상대적 저위험지역
2021,강서구,화곡4동,1116059,0.4121609449067458,0.6701325171911245,0.4758459566074707,0.4989435920730942,81,5,0,0,1,0,수해 단일취약형
2021,강서구,화곡6동,1116061,0.3517330346459687,0.7173172358811819,0.5538250379845855,0.5138612861232879,59,5,0,0,1,0,수해 단일취약형
2021,강서구,화곡8동,1116063,0.3948425328422215,0.7163526621778652,0.4133710968148701,0.4817050625665594,127,4,0,0,1,0,수해 단일취약형
2021,강서구,가양1동,1116064,0.16279567448701504,0.4465011067391835,0.2500519829035772,0.26426174049585394,422,1,0,0,0,0,상대적 저위험지역
2021,강서구,가양2동,1116065,0.7801622540504984,0.8032592739557907,0.350987876075838,0.6357254767356904,2,5,1,1,0,0,사회고립+인프라취약형
2021,강서구,가양3동,1116066,0.6386014570689491,0.9500302128752064,0.2264111965651637,0.5721920548441886,14,5,1,1,0,0,사회고립+인프라취약형
2021,강서구,발산1동,1116067,0.2618388788365055,0.5233051784207414,0.5139279138687484,0.41543661599384946,285,2,0,0,1,0,수해 단일취약형
2021,강서구,공항동,1116069,0.3116217493019885,0.6835746847593298,0.2740493524651819,0.3914596442734415,330,2,0,0,0,0,상대적 저위험지역
2021,강서구,방화1동,1116070,0.30628727998756733,0.6565536283542674,0.4252309719124501,0.43548415925295136,230,3,0,0,1,0,수해 단일취약형
2021,강서구,방화2동,1116071,0.5061361684866829,0.768332927432257,0.4908465789413118,0.5663340018821965,16,5,1,1,1,1,복합위기 최고위험지역
2021,강서구,방화3동,1116072,0.5804900235037938,0.9304937904376552,0.4107662686178629,0.6085876510271833,5,5,1,1,1,1,복합위기 최고위험지역
2021,강서구,화곡1동,1116073,0.3587905513254002,0.6898446863178971,0.6195087161899677,0.5328054427761231,30,5,0,0,1,0,수해 단일취약형
2021,강서구,우장산동,1116074,0.2437311454415677,0.7323485552781454,0.3461641371079104,0.40173704498393203,312,2,0,0,0,0,상대적 저위험지역
2021,구로구,신도림동,1117051,0.21471382194536348,0.7632851433930143,0.4034699365452052,0.4179212924172208,280,2,0,0,1,0,수해 단일취약형
2021,구로구,구로1동,1117052,0.21435160915409862,0.8907804136468519,0.3402544275273337,0.4275247967079192,252,3,0,1,0,0,인프라 단일취약형
2021,구로구,구로3동,1117054,0.30251652950322333,0.5352888903278594,0.4690675745664765,0.41900248548152097,275,2,0,0,1,0,수해 단일취약형
2021,구로구,구로4동,1117055,0.47817996623763726,0.6361622491654796,0.4403949063386796,0.5044507660049626,75,5,1,0,1,0,사회고립+수해취약형
2021,구로구,구로5동,1117056,0.325487032475136,0.7122580962928927,0.4307221485454839,0.45901208905419694,178,3,0,0,1,0,수해 단일취약형
2021,구로구,고척1동,1117061,0.4158338119498599,0.7345873769923355,0.4947749384842707,0.5231515974975226,45,5,0,0,1,0,수해 단일취약형
2021,구로구,고척2동,1117062,0.4374457268971874,0.7366814382199147,0.3037330191765407,0.4654552070256429,165,4,1,0,0,0,사회고립 단일취약형
2021,구로구,개봉2동,1117064,0.4109172534438091,0.8196501783805114,0.3765060174497907,0.5010565520800783,77,5,0,1,0,0,인프라 단일취약형
2021,구로구,개봉3동,1117065,0.44938804183260506,0.8244847303016212,0.1825312872925381,0.44976234986083563,195,3,1,1,0,0,사회고립+인프라취약형
2021,구로구,오류1동,1117067,0.40298464263921785,0.7208323973428912,0.4335455014970097,0.49314288191536326,101,4,0,0,1,0,수해 단일취약형
2021,구로구,항동,1117074,0.15421764904833332,0.7401388326498303,0.1054538778763121,0.2836306250385001,417,1,0,0,0,0,상대적 저위험지역
2021,구로구,수궁동,1117069,0.40515857424183443,0.825872741598547,0.2105242659647356,0.442215108184028,212,3,0,1,0,0,인프라 단일취약형
2021,구로구,가리봉동,1117070,0.4892353375883648,0.6542876174946266,0.3153949063386796,0.46965425662754046,156,4,1,0,0,0,사회고립 단일취약형
2021,구로구,구로2동,1117071,0.4566434044765337,0.6538726640210726,0.505186631447982,0.5229408488026753,46,5,1,0,1,0,사회고립+수해취약형
2021,구로구,개봉1동,1117072,0.4158480831207499,0.7784975176667739,0.4736090403147914,0.5267267767751704,40,5,0,1,1,0,인프라+수해취약형
2021,금천구,가산동,1118051,0.2663163897455583,0.3946558786226848,0.2940370631672069,0.30810349766241696,412,1,0,0,0,0,상대적 저위험지역
2021,금천구,독산1동,1118052,0.29131019018718335,0.6879184041823272,0.3897996682434416,0.4249335610056597,257,2,0,0,1,0,수해 단일취약형
2021,금천구,독산2동,1118053,0.4460131027381586,0.7367804735733234,0.3153949063386796,0.4729885767071322,147,4,1,0,0,0,사회고립 단일취약형
2021,금천구,독산3동,1118054,0.4063848380148698,0.6769212514368814,0.3062483761013462,0.4389711797006394,222,3,0,0,0,0,상대적 저위험지역
2021,금천구,독산4동,1118055,0.4085743004016986,0.8098370049046719,0.2664511002647016,0.459146856479493,177,3,0,1,0,0,인프라 단일취약형
2021,금천구,시흥1동,1118057,0.4366694687235332,0.6142075152355957,0.3511091920529653,0.45110788351685005,192,3,1,0,0,0,사회고립 단일취약형
2021,금천구,시흥2동,1118058,0.4119528146877691,1.0,0.069751881074733,0.43919428425126417,221,3,0,1,0,0,인프라 단일취약형
2021,금천구,시흥3동,1118059,0.48087917472851666,0.8187441937541757,0.216315572576456,0.4727481687317102,148,4,1,1,0,0,사회고립+인프라취약형
2021,금천구,시흥4동,1118060,0.4489867603942386,0.82336590245431,0.1292210887816778,0.4306635608448602,242,3,1,1,0,0,사회고립+인프라취약형
2021,금천구,시흥5동,1118061,0.5486092506773709,0.7351126392636764,0.1791599343885306,0.46592783712285313,164,4,1,0,0,0,사회고립 단일취약형
2021,영등포구,여의동,1119054,0.35286234636216995,0.5030310408941399,0.2351019146109332,0.34918836888222954,373,1,0,0,0,0,상대적 저위험지역
2021,영등포구,당산1동,1119055,0.38618672835318046,0.6259776205384806,0.3931029663347662,0.4485551346930605,197,3,0,0,1,0,수해 단일취약형
2021,영등포구,당산2동,1119056,0.2254624430356763,0.6169842511225658,0.2379626297986901,0.32771796042445356,399,1,0,0,0,0,상대적 저위험지역
2021,영등포구,양평1동,1119061,0.30620575155653273,0.6748963884009802,0.3636320093358274,0.41847760099039777,277,2,0,0,0,0,상대적 저위험지역
2021,영등포구,양평2동,1119062,0.22114520472152926,0.6537398945354678,0.2487390351419226,0.33895171782215155,390,1,0,0,0,0,상대적 저위험지역
2021,영등포구,신길1동,1119063,0.47497376575461286,0.7096708201616982,0.2908318734939131,0.4691983670651393,160,4,1,0,0,0,사회고립 단일취약형
2021,영등포구,신길3동,1119065,0.43248437951300134,0.6401708192104024,0.3661641371079104,0.46119390459556975,173,3,1,0,0,0,사회고립 단일취약형
2021,영등포구,신길4동,1119066,0.45419545682278584,0.9031160959215327,0.2609990111324302,0.4988068606058481,82,5,1,1,0,0,사회고립+인프라취약형
2021,영등포구,신길5동,1119067,0.4141497638038968,0.9154920017736036,0.2606043519976609,0.4857444291641409,118,4,0,1,0,0,인프라 단일취약형
2021,영등포구,신길6동,1119068,0.3791863021147197,0.6317985812068712,0.2253548839452663,0.3884983755284489,336,2,0,0,0,0,상대적 저위험지역
2021,영등포구,신길7동,1119069,0.23076583554515284,0.758885407297984,0.4270066510464048,0.43148001390879875,238,3,0,0,1,0,수해 단일취약형
2021,영등포구,대림1동,1119070,0.44075529524582857,0.6800311447206662,0.3153949063386796,0.4566981214970358,183,3,1,0,0,0,사회고립 단일취약형
2021,영등포구,대림2동,1119071,0.4077902640052947,0.6186311393673807,0.4653949063386796,0.48066210766250095,129,4,0,0,1,0,수해 단일취약형
2021,영등포구,대림3동,1119072,0.3979618425666588,0.7102104258921467,0.3835575851849267,0.4709824983144245,154,4,0,0,1,0,수해 단일취약형
2021,영등포구,영등포본동,1119073,0.4506292611817434,0.7476407448290723,0.4520545702042258,0.5253809902514444,42,5,1,0,1,0,사회고립+수해취약형
2021,영등포구,영등포동,1119074,0.3929633872906504,0.4194031531950405,0.4653903501481501,0.4249227657668728,258,2,0,0,1,0,수해 단일취약형
2021,영등포구,도림동,1119075,0.41320419383965423,0.7804360284621228,0.3626551803112823,0.4873199977603412,112,4,0,1,0,0,인프라 단일취약형
2021,영등포구,문래동,1119076,0.2713652639953831,0.6269838536568715,0.5500232467535608,0.45780020537611743,180,3,0,0,1,0,수해 단일취약형
2021,동작구,노량진2동,1120052,0.5257238941768909,0.3802534164902477,0.3236140844208714,0.4186178413406233,276,2,1,0,0,0,사회고립 단일취약형
2021,동작구,상도1동,1120053,0.3179987847017749,0.7511343155775788,0.2539019108368564,0.4038487615680044,311,2,0,0,0,0,상대적 저위험지역
2021,동작구,상도2동,1120054,0.30366977626585134,0.6543865607962254,0.4761091920529653,0.4517027679239347,191,3,0,0,1,0,수해 단일취약형
2021,동작구,상도3동,1120055,0.3924508068626006,0.7486240760092331,0.4446484282303539,0.4997632916279724,79,5,0,0,1,0,수해 단일취약형
2021,동작구,상도4동,1120056,0.4218875562677549,0.7873634596062579,0.1500667874929426,0.41811926303119634,279,2,0,1,0,0,인프라 단일취약형
2021,동작구,사당1동,1120063,0.3679602346642384,0.6130441189770084,0.3511091920529653,0.4233333408284853,261,2,0,0,0,0,상대적 저위험지역
2021,동작구,사당3동,1120065,0.3534748071590253,0.8782739037851756,0.1078322995014291,0.3986997036354042,321,2,0,1,0,0,인프라 단일취약형
2021,동작구,사당4동,1120066,0.4191054701637822,0.6724429260248754,0.273728239672013,0.4315578034569363,237,3,0,0,0,0,상대적 저위험지역
2021,동작구,사당5동,1120067,0.3472804518357986,0.8586808848899135,0.4030294981459649,0.4946427263078855,95,4,0,1,1,0,인프라+수해취약형
2021,동작구,대방동,1120068,0.34632702784417563,0.7248002554623121,0.4651387046544927,0.4825294216323207,124,4,0,0,1,0,수해 단일취약형
2021,동작구,신대방1동,1120069,0.34292206703762607,0.7613038228074881,0.2728295716668839,0.42298513260033177,265,2,0,0,0,0,상대적 저위험지역
2021,동작구,신대방2동,1120070,0.4682215960282341,0.7299273485564435,0.3897996682434416,0.506200359435609,74,5,1,0,1,0,사회고립+수해취약형
2021,동작구,흑석동,1120071,0.29036785953567,0.7326388239798833,0.2858795902289703,0.39936470638937843,317,2,0,0,0,0,상대적 저위험지역
2021,동작구,노량진1동,1120072,0.3948015248879382,0.710927840467207,0.2402262933973281,0.41973177276104184,272,2,0,0,0,0,상대적 저위험지역
2021,동작구,사당2동,1120073,0.4028246623735016,0.6741205376788196,0.1581345497250501,0.38500709177287307,342,1,0,0,0,0,상대적 저위험지역
2021,관악구,보라매동,1121052,0.41267267875755154,0.7938238634538957,0.4314663349101082,0.5145382545850324,57,5,0,1,1,0,인프라+수해취약형
2021,관악구,청림동,1121054,0.40461415804990875,0.876824932749288,0.2707737345121762,0.4758227034865472,142,4,0,1,0,0,인프라 단일취약형
2021,관악구,행운동,1121057,0.34893187404109616,0.6522151068950919,0.3153949063386796,0.41301474355874934,296,2,0,0,0,0,상대적 저위험지역
2021,관악구,낙성대동,1121058,0.28618660028758763,0.5893544976639323,0.4325070629178456,0.4131907365522641,293,2,0,0,1,0,수해 단일취약형
2021,관악구,중앙동,1121061,0.38343566388192335,0.5627371748901859,0.3897996682434416,0.4304884431605204,243,3,0,0,1,0,수해 단일취약형
2021,관악구,인헌동,1121062,0.33910640039506823,0.6545837283078246,0.3153949063386796,0.4096767094535213,305,2,0,0,0,0,상대적 저위험지역
2021,관악구,남현동,1121063,0.3207391403854116,0.6941360050775751,0.2506204899453556,0.3895468289044329,332,2,0,0,0,0,상대적 저위험지역
2021,관악구,서원동,1121064,0.3261348487585837,0.693317808247813,0.3153949063386796,0.41417160878392456,290,2,0,0,0,0,상대적 저위험지역
2021,관악구,신원동,1121065,0.4402092703460477,0.7317502943103911,0.3153949063386796,0.46940949893455475,159,4,1,0,0,0,사회고립 단일취약형
2021,관악구,서림동,1121066,0.3352702007976965,0.7886958471254242,0.3157063792352899,0.4417792748327861,214,3,0,1,0,0,인프라 단일취약형
2021,관악구,신사동,1121068,0.357717444762475,0.6681124489044536,0.3153949063386796,0.42050330734964125,268,2,0,0,0,0,상대적 저위험지역
2021,관악구,신림동,1121069,0.2638863613159116,0.4480500383641828,0.4019322373284334,0.358243337182362,367,1,0,0,1,0,수해 단일취약형
2021,관악구,난향동,1121071,0.3859404558235612,0.8459974387324518,0.0629484067611399,0.3879074843789364,338,2,0,1,0,0,인프라 단일취약형
2021,관악구,조원동,1121072,0.36535276846929376,0.6269220689671184,0.3153949063386796,0.413259841848035,292,2,0,0,0,0,상대적 저위험지역
2021,관악구,대학동,1121073,0.3075823448954721,0.6529452000086905,0.1261942044616592,0.33043720952194217,397,1,0,0,0,0,상대적 저위험지역
2021,관악구,은천동,1121078,0.40188258257905946,0.8067959696441683,0.4314663349101082,0.5134652426612037,60,5,0,1,1,0,인프라+수해취약형
2021,관악구,성현동,1121079,0.41595229418040425,0.9214139496715912,0.2231548236114019,0.4748385933540502,144,4,0,1,0,0,인프라 단일취약형
2021,관악구,청룡동,1121080,0.3152285141861819,0.6017707710060181,0.3303956821783277,0.392172587188392,329,2,0,0,0,0,상대적 저위험지역
2021,관악구,난곡동,1121081,0.47974796587189944,0.7891266584860787,0.2559956553762425,0.4787793303519643,134,4,1,1,0,0,사회고립+인프라취약형
2021,관악구,삼성동,1121082,0.585771679007906,0.8577688499539642,0.1788893480893749,0.5113621559229347,67,5,1,1,0,0,사회고립+인프라취약형
2021,관악구,미성동,1121083,0.41343504509157136,0.7628103911232793,0.3153949063386796,0.46646483303598624,163,4,0,0,0,0,상대적 저위험지역
2021,서초구,서초1동,1122051,0.30347511162532714,0.5253130017546234,0.2396700030118085,0.3366027961429197,392,1,0,0,0,0,상대적 저위험지역
2021,서초구,서초2동,1122052,0.19635442137181475,0.4583695076763153,0.4761091920529653,0.3597723626863426,365,1,0,0,1,0,수해 단일취약형
2021,서초구,서초3동,1122053,0.2799938356553453,0.5408334861479447,0.2705868981043935,0.34191132013566206,384,1,0,0,0,0,상대적 저위험지역
2021,서초구,서초4동,1122054,0.21853202374908726,0.4006528979770577,0.3153949063386796,0.2979642512124372,414,1,0,0,0,0,상대적 저위험지역
2021,서초구,잠원동,1122055,0.24125811606191527,0.5437345361005659,0.5094873030564935,0.4107574365196803,303,2,0,0,1,0,수해 단일취약형
2021,서초구,반포본동,1122056,0.14261052489211737,0.5422185947197996,0.164942156647398,0.25032861346338614,423,1,0,0,0,0,상대적 저위험지역
2021,서초구,반포1동,1122057,0.21618557842936725,0.5526239358797488,0.3511091920529653,0.34751843256022197,376,1,0,0,0,0,상대적 저위험지역
2021,서초구,반포2동,1122058,0.18456223388520826,0.6957029437052475,0.4021539924544999,0.3885045268394701,335,2,0,0,1,0,수해 단일취약형
2021,서초구,반포3동,1122059,0.2412106254202651,0.6252769161111044,0.3643462692922018,0.3803246734481528,350,1,0,0,0,0,상대적 저위험지역
2021,서초구,반포4동,1122060,0.25182524457779976,0.5626956809465917,0.2157081082285518,0.316901855947761,405,1,0,0,0,0,상대적 저위험지역
2021,서초구,방배본동,1122061,0.27762278809581376,0.6856660536596466,0.3547098914599997,0.40661409066423704,307,2,0,0,0,0,상대적 저위험지역
2021,서초구,방배1동,1122062,0.3343075850709762,0.5934572444378605,0.206898610824191,0.35450185892632247,369,1,0,0,0,0,상대적 저위험지역
2021,서초구,방배2동,1122063,0.3821530792285607,0.7580847143846623,0.4426931717054412,0.4973250203844943,86,4,0,0,1,0,수해 단일취약형
2021,서초구,방배3동,1122064,0.3184994449567842,0.8060616385824642,0.2523010713112844,0.41722056258727924,282,2,0,1,0,0,인프라 단일취약형
2021,서초구,방배4동,1122065,0.2969754238641884,0.594800322028038,0.217374221463997,0.34357122756508385,383,1,0,0,0,0,상대적 저위험지역
2021,서초구,양재1동,1122066,0.3383506663155508,0.7019808595854821,0.2085988808521045,0.3838450897208274,344,1,0,0,0,0,상대적 저위험지역
2021,서초구,양재2동,1122067,0.3162558124560666,0.5701987898089165,0.2968210918627565,0.37293940458662056,356,1,0,0,0,0,상대적 저위험지역
2021,서초구,내곡동,1122068,0.37560859808743063,0.7907893037488614,0.310579905633643,0.4566437321439627,184,3,0,1,0,0,인프라 단일취약형
2021,강남구,신사동,1123051,0.3668013881422274,0.2559784055544712,0.2901201854629086,0.3122572215575268,409,1,0,0,0,0,상대적 저위험지역
2021,강남구,논현1동,1123052,0.297759800058599,0.278077014183526,0.5726173876191366,0.3890392592360189,334,2,0,0,1,0,수해 단일취약형
2021,강남구,논현2동,1123053,0.3020359194615382,0.4019209190829258,0.3511091920529653,0.34418281477388457,381,1,0,0,0,0,상대적 저위험지역
2021,강남구,삼성1동,1123058,0.3019426907418862,0.4298472483846594,0.3963497895680916,0.3669613147417514,362,1,0,0,1,0,수해 단일취약형
2021,강남구,삼성2동,1123059,0.23542409758625255,0.5277806911692193,0.3435083696633919,0.346342741208993,377,1,0,0,0,0,상대적 저위험지역
2021,강남구,대치1동,1123060,0.12781418216710164,0.4902361674639574,0.3125000925109464,0.28305974711166126,418,1,0,0,0,0,상대적 저위험지역
2021,강남구,대치4동,1123063,0.22593093852922005,0.4111099166929066,0.5190851938156287,0.3748296724203847,352,1,0,0,1,0,수해 단일취약형
2021,강남구,역삼1동,1123064,0.24683438783479322,0.2224908205474062,0.4761091920529653,0.3209946774893067,403,1,0,0,1,0,수해 단일취약형
2021,강남구,역삼2동,1123065,0.19510936287923553,0.4823454381964502,0.3153949063386796,0.30901832191934464,411,1,0,0,0,0,상대적 저위험지역
2021,강남구,도곡1동,1123066,0.24885042002850075,0.5622445059946904,0.2702999291510145,0.334706269712928,394,1,0,0,0,0,상대적 저위험지역
2021,강남구,도곡2동,1123067,0.25569755975450204,0.8143632210083449,0.2728041305888932,0.40135127485999966,314,2,0,1,0,0,인프라 단일취약형
2021,강남구,개포1동,1123068,0.5394466508539465,0.9356367267656168,0.1373344294113481,0.4977548923269547,84,5,1,1,0,0,사회고립+인프라취약형
2021,강남구,개포4동,1123071,0.27228617142958483,0.6691132968067228,0.3512242421042492,0.39912127751000187,318,2,0,0,0,0,상대적 저위험지역
2021,강남구,일원본동,1123072,0.23419636092572044,0.7458045475478472,0.116968057632577,0.3210685014286519,402,1,0,0,0,0,상대적 저위험지역
2021,강남구,일원1동,1123073,0.5289411358197774,0.707901826899467,0.3511091920529653,0.5114401282713156,66,5,1,0,0,0,사회고립 단일취약형
2021,강남구,일원2동,1123074,0.4859349543538094,0.8039950958212339,0.2857662686178629,0.4953909497130842,91,4,1,1,0,0,사회고립+인프라취약형
2021,강남구,수서동,1123075,0.8223651970869557,0.7652137151932231,0.2035679653589031,0.5914982955087041,9,5,1,0,0,0,사회고립 단일취약형
2021,강남구,세곡동,1123076,0.3075793872062765,0.8301835311680436,0.2589391385268054,0.42120633615890335,266,2,0,1,0,0,인프라 단일취약형
2021,강남구,압구정동,1123077,0.37545083750032543,0.407425412813955,0.2755280021759771,0.3484714889652109,374,1,0,0,0,0,상대적 저위험지역
2021,강남구,청담동,1123078,0.27099239761716654,0.3793300266880888,0.2238876576537336,0.2815901458976956,419,1,0,0,0,0,상대적 저위험지역
2021,강남구,대치2동,1123079,0.2174961899726019,0.6144346205430378,0.2401444265981315,0.3246576804341462,401,1,0,0,0,0,상대적 저위험지역
2021,강남구,개포2동,1123080,0.22150172362094317,0.6993445390534225,0.1780580325004511,0.3257571355868908,400,1,0,0,0,0,상대적 저위험지역
2021,송파구,풍납1동,1124051,0.46930180119116205,0.7667071656070387,0.1397622664155559,0.428314305123669,246,3,1,0,0,0,사회고립 단일취약형
2021,송파구,풍납2동,1124052,0.3159346937710782,0.6778727821067734,0.0971451069769039,0.32984286047704103,398,1,0,0,0,0,상대적 저위험지역
2021,송파구,거여1동,1124053,0.4339690892431666,0.7732070031168294,0.2090893378922774,0.4400706547387711,218,3,1,1,0,0,사회고립+인프라취약형
2021,송파구,거여2동,1124054,0.4608311084157954,0.6921535501244326,0.1805695816316434,0.4205701844685015,267,2,1,0,0,0,사회고립 단일취약형
2021,송파구,마천1동,1124055,0.5281221723113493,0.816963424472615,0.0597680659417518,0.4364085481223066,228,3,1,1,0,0,사회고립+인프라취약형
2021,송파구,마천2동,1124056,0.5053706042201711,0.6863558042310247,0.0445747415230953,0.38933835227890795,333,2,1,0,0,0,사회고립 단일취약형
2021,송파구,방이1동,1124057,0.260610496119612,0.627037104446037,0.3511091920529653,0.38389169177789195,343,1,0,0,0,0,상대적 저위험지역
2021,송파구,방이2동,1124058,0.3003678810927251,0.5656733267459926,0.2346334242899966,0.343687182625087,382,1,0,0,0,0,상대적 저위험지역
2021,송파구,오륜동,1124059,0.2530790731278946,0.7997689926079361,0.2272147635600468,0.38069904464915827,349,1,0,1,0,0,인프라 단일취약형
2021,송파구,오금동,1124060,0.3410538063822784,0.7676825467616913,0.236010229951333,0.4109457397263008,301,2,0,1,0,0,인프라 단일취약형
2021,송파구,송파1동,1124061,0.2935508690110411,0.636860439097162,0.3897996682434416,0.4130653412639115,294,2,0,0,1,0,수해 단일취약형
2021,송파구,송파2동,1124062,0.2680584848222999,0.669054885864901,0.3897996682434416,0.41091699928034975,302,2,0,0,1,0,수해 단일취약형
2021,송파구,석촌동,1124063,0.3279694627783323,0.5526527064780516,0.2886537414512066,0.37037977123876814,359,1,0,0,0,0,상대적 저위험지역
2021,송파구,삼전동,1124064,0.3109613396253624,0.631568408520125,0.2594079082952459,0.3730694058835123,355,1,0,0,0,0,상대적 저위험지역
2021,송파구,가락본동,1124065,0.3042415233352694,0.5933275594626817,0.2301223416886275,0.3505713187907978,371,1,0,0,0,0,상대적 저위험지역
2021,송파구,가락1동,1124066,0.20863206315527397,0.7059749241628404,0.3784540939441206,0.3924054891832619,328,2,0,0,1,0,수해 단일취약형
2021,송파구,가락2동,1124067,0.24124568085406034,0.6452032595603527,0.2306899391988592,0.338540565951313,391,1,0,0,0,0,상대적 저위험지역
2021,송파구,문정1동,1124068,0.27499289574247765,0.7679295215529213,0.3183525309300268,0.41340292451073074,291,2,0,1,0,0,인프라 단일취약형
2021,송파구,문정2동,1124069,0.22070183890667322,0.5609564560335716,0.3734649448240908,0.359232580259494,366,1,0,0,0,0,상대적 저위험지역
2021,송파구,잠실본동,1124071,0.3132549755332382,0.4770312198760749,0.1671391954172563,0.3030585135783537,413,1,0,0,0,0,상대적 저위험지역
2021,송파구,잠실4동,1124075,0.22225701132318032,0.8277330393568476,0.1392279784127636,0.34456585681295127,380,1,0,1,0,0,인프라 단일취약형
2021,송파구,잠실6동,1124077,0.28610460921713604,0.5284062954131818,0.135576211806938,0.2939950916725782,416,1,0,0,0,0,상대적 저위험지역
2021,송파구,잠실7동,1124078,0.4045345964134774,0.9077613474749482,0.2667832719335126,0.4821283206108574,125,4,0,1,0,0,인프라 단일취약형
2021,송파구,잠실2동,1124079,0.16999019697648116,0.6438246970617914,0.1072039032724938,0.2664736192014131,420,1,0,0,0,0,상대적 저위험지역
2021,송파구,잠실3동,1124080,0.29213044348880046,0.8067490412283713,0.1315300203626983,0.36457494482955743,363,1,0,1,0,0,인프라 단일취약형
2021,송파구,장지동,1124081,0.30802612693980747,0.7203794207851393,0.3897996682434416,0.4397351898574124,219,3,0,0,1,0,수해 단일취약형
2021,송파구,위례동,1124082,0.1040199785473307,0.7440466838327328,0.2465840254444473,0.313924071282672,408,1,0,0,0,0,상대적 저위험지역
2021,강동구,강일동,1125051,0.17763445400606062,0.7901919251906036,0.3644353478424637,0.39615413464493743,323,2,0,1,0,0,인프라 단일취약형
2021,강동구,상일동,1125052,0.22288333516251624,0.5216597918580382,0.3244567448083391,0.33312814271243474,395,1,0,0,0,0,상대적 저위험지역
2021,강동구,명일1동,1125053,0.3018192067409344,0.5873017837189654,0.4242876274003108,0.41605379821622385,283,2,0,0,1,0,수해 단일취약형
2021,강동구,명일2동,1125054,0.24846801465642038,0.5634234097382558,0.2128818847469486,0.3147517179585641,407,1,0,0,0,0,상대적 저위험지역
2021,강동구,고덕1동,1125055,0.19833092371517796,0.8507411964508498,0.3872040460753497,0.427539084725156,251,3,0,1,1,0,인프라+수해취약형
2021,강동구,고덕2동,1125056,0.27804997116903396,0.6913058041733589,0.2660341162451121,0.3771583801967425,351,1,0,0,0,0,상대적 저위험지역
2021,강동구,암사2동,1125058,0.3103458266654374,0.6814859490291959,0.2209269836779829,0.371834262210768,357,1,0,0,0,0,상대적 저위험지역
2021,강동구,암사3동,1125059,0.2477364391625197,0.8296819731901819,0.2842394704758812,0.4059988836291118,309,2,0,1,0,0,인프라 단일취약형
2021,강동구,천호1동,1125061,0.4569816924889152,0.7451150231816632,0.4226703376019163,0.5170060509516525,54,5,1,0,1,0,사회고립+수해취약형
2021,강동구,천호3동,1125063,0.4288941108344372,0.685827266670929,0.4730973637433229,0.5085985383116701,72,5,0,0,1,0,수해 단일취약형
2021,강동구,성내1동,1125065,0.3019442091822596,0.6817017870914799,0.2988206290130281,0.39579035060033363,324,2,0,0,0,0,상대적 저위험지역
2021,강동구,성내2동,1125066,0.43729305563298865,0.6815689127566004,0.4249485855742841,0.494041455393345,98,4,1,0,1,0,사회고립+수해취약형
2021,강동구,성내3동,1125067,0.3572244516559452,0.5656275802801469,0.3874958836207269,0.41992023499966924,271,2,0,0,1,0,수해 단일취약형
2021,강동구,둔촌1동,1125070,0.4718373278745217,0.0,0.1315238229035445,0.23476826916604926,424,1,1,0,0,0,사회고립 단일취약형
2021,강동구,둔촌2동,1125071,0.3435643597212022,0.7251467512780407,0.281455017261635,0.4172216877495633,281,2,0,0,0,0,상대적 저위험지역
2021,강동구,암사1동,1125072,0.4119762152716943,0.7644654566462912,0.3914342546292755,0.49290883939049696,102,4,0,0,1,0,수해 단일취약형
2021,강동구,천호2동,1125073,0.4310452713737679,0.5963578344212908,0.3496196684204944,0.4438744511020029,205,3,0,0,0,0,상대적 저위험지역
2021,강동구,길동,1125074,0.3733401059159579,0.6273260308051287,0.4268907751005606,0.4555793213528616,187,3,0,0,1,0,수해 단일취약형
2021,구로구,오류2동,1117073,0.37715316384419106,0.8354366782071758,0.3713794204029791,0.48970323223051304,108,4,0,1,0,0,인프라 단일취약형
