기준연도,자치구명,행정동코드,행정동명,convenience_count,grocery_count,pharmacy_count,medical_count,total_infra_count,elderly_population,weighted_infra,infra_per_1000eld,log_infra,infra_accessibility_score,CDI,CDI_rank,CDI_grade
2021,종로구,1101053,사직동,30.0,44.0,16.0,69.0,159.0,1774.0,187.5,105.69334836527621,4.6699588167701025,0.5717266708835272,0.42827332911647276,403,1
2021,종로구,1101054,삼청동,7.0,21.0,1.0,7.0,36.0,625.0,30.0,48.0,3.8918202981106265,0.4031372602314374,0.5968627397685626,344,1
2021,종로구,1101055,부암동,11.0,11.0,1.0,5.0,28.0,1802.0,26.0,14.428412874583795,2.7362108013687547,0.15276599685367923,0.8472340031463208,39,5
2021,종로구,1101056,평창동,12.0,23.0,5.0,13.0,53.0,3435.0,53.0,15.429403202328967,2.799072607733277,0.16638546772343876,0.8336145322765612,46,5
2021,종로구,1101057,무악동,7.0,5.0,5.0,5.0,22.0,1424.0,27.0,18.960674157303373,2.993764045728942,0.20856679406009432,0.7914332059399056,89,4
2021,종로구,1101058,교남동,12.0,6.0,9.0,14.0,41.0,1624.0,54.0,33.251231527093594,3.5337225210572303,0.32555275343532175,0.6744472465646782,270,2
2021,종로구,1101060,가회동,7.0,19.0,1.0,8.0,35.0,865.0,30.5,35.26011560693642,3.5907183935989644,0.3379013267689823,0.6620986732310177,280,2
2021,종로구,1101061,종로1·2·3·4가동,95.0,170.0,55.0,125.0,445.0,1500.0,477.5,318.3333333333333,5.766235489302751,0.8092430432285305,0.19075695677146953,421,1
2021,종로구,1101063,종로5·6가동,23.0,56.0,29.0,71.0,179.0,1500.0,215.5,143.66666666666666,4.974432245432295,0.6376930697527282,0.3623069302472718,413,1
2021,종로구,1101064,이화동,21.0,16.0,7.0,21.0,65.0,1360.0,74.5,54.77941176470588,4.021404836512792,0.43121269980289056,0.5687873001971094,358,1
2021,종로구,1101067,창신1동,12.0,40.0,10.0,39.0,101.0,1231.0,110.5,89.76441917140535,4.508267349464555,0.5366950299521998,0.46330497004780025,395,1
2021,종로구,1101068,창신2동,3.0,28.0,5.0,10.0,46.0,1752.0,42.0,23.972602739726028,3.217779333530272,0.2571013472814748,0.7428986527185252,164,4
2021,종로구,1101069,창신3동,4.0,9.0,1.0,1.0,15.0,1201.0,12.0,9.991673605328891,2.397138041200776,0.07930339934163821,0.9206966006583618,18,5
2021,종로구,1101070,숭인1동,8.0,6.0,2.0,10.0,26.0,1192.0,30.0,25.16778523489933,3.264529083037138,0.2672300229973012,0.7327699770026987,184,3
2021,종로구,1101071,숭인2동,25.0,33.0,3.0,13.0,74.0,1656.0,67.0,40.45893719806764,3.724703472286101,0.3669301756312031,0.6330698243687969,310,2
2021,종로구,1101072,청운효자동,8.0,37.0,4.0,8.0,57.0,2165.0,46.5,21.478060046189377,3.112539724424004,0.23430041499110668,0.7656995850088933,131,4
2021,종로구,1101073,혜화동,32.0,32.0,17.0,28.0,109.0,2695.0,124.0,46.01113172541744,3.8503844188883045,0.3941598734417733,0.6058401265582267,338,2
2021,중구,1102052,소공동,41.0,48.0,16.0,58.0,163.0,292.0,184.0,630.1369863013699,6.447522932959709,0.9568489589576022,0.04315104104239775,424,1
2021,중구,1102054,회현동,39.0,144.0,17.0,65.0,265.0,1373.0,242.5,176.6205389657684,5.17964947120121,0.6821548851215913,0.3178451148784087,416,1
2021,중구,1102055,명동,77.0,66.0,33.0,136.0,312.0,764.0,380.0,497.38219895287955,6.21136725044872,0.9056841002827516,0.09431589971724841,423,1
2021,중구,1102057,필동,32.0,23.0,7.0,19.0,81.0,901.0,86.0,95.44950055493895,4.569019561058797,0.5498574416602446,0.45014255833975536,399,1
2021,중구,1102058,장충동,13.0,8.0,1.0,5.0,27.0,861.0,26.5,30.778164924506388,3.458779416348434,0.3093157807725883,0.6906842192274116,246,3
2021,중구,1102059,광희동,40.0,109.0,16.0,29.0,194.0,1123.0,170.0,151.38023152270702,5.02637892042097,0.6489476974464754,0.3510523025535246,415,1
2021,중구,1102060,을지로동,30.0,59.0,13.0,46.0,148.0,472.0,154.5,327.3305084745763,5.794020748836235,0.8152629232591904,0.18473707674080964,422,1
2021,중구,1102065,신당5동,10.0,17.0,5.0,20.0,52.0,1824.0,58.5,32.07236842105263,3.498698142846299,0.3179644653099516,0.6820355346900484,258,2
2021,중구,1102067,황학동,11.0,100.0,8.0,19.0,138.0,2034.0,105.5,51.86823992133727,3.9678027790054355,0.41959942135926265,0.5804005786407374,353,1
2021,중구,1102068,중림동,11.0,22.0,5.0,14.0,52.0,2077.0,53.0,25.51757342320655,3.277807661252203,0.2701069242454646,0.7298930757545354,195,3
2021,중구,1102069,신당동,28.0,66.0,10.0,21.0,125.0,1471.0,112.5,76.47858599592114,4.350001588448685,0.5024055933849985,0.49759440661500154,387,1
2021,중구,1102070,다산동,14.0,26.0,8.0,31.0,79.0,2762.0,89.5,32.404055032585084,3.5086773007745107,0.32012652298166233,0.6798734770183377,264,2
2021,중구,1102071,약수동,11.0,25.0,11.0,34.0,81.0,3823.0,96.5,25.24195657860319,3.26735952602943,0.2678432592071947,0.7321567407928053,188,3
2021,중구,1102072,청구동,6.0,14.0,2.0,9.0,31.0,2721.0,30.5,11.209114296214626,2.502182746278956,0.10206210424646865,0.8979378957535313,24,5
2021,중구,1102073,동화동,9.0,15.0,5.0,14.0,43.0,1894.0,47.5,25.079197465681098,3.2611379645635536,0.26649531233691914,0.7335046876630809,183,3
2021,용산구,1103051,후암동,17.0,37.0,8.0,16.0,78.0,3026.0,75.5,24.950429610046267,3.256188164775294,0.26542290195093016,0.7345770980490698,181,3
2021,용산구,1103052,용산2가동,19.0,16.0,4.0,7.0,46.0,2041.0,45.5,22.29299363057325,3.148152612801073,0.242016208155352,0.757983791844648,142,4
2021,용산구,1103053,남영동,31.0,26.0,13.0,40.0,110.0,1543.0,130.0,84.25145819831498,4.44560522098291,0.5231188207585906,0.4768811792414094,391,1
2021,용산구,1103057,원효로2동,10.0,26.0,4.0,6.0,46.0,2302.0,40.0,17.37619461337967,2.9110560559586918,0.1906475021638304,0.8093524978361696,72,5
2021,용산구,1103058,효창동,8.0,9.0,5.0,11.0,33.0,1489.0,39.0,26.19207521826729,3.3029255785810485,0.27554890504674034,0.7244510949532597,202,3
2021,용산구,1103059,용문동,6.0,51.0,3.0,12.0,72.0,2148.0,55.5,25.83798882681564,3.289818377359119,0.2727091338796347,0.7272908661203653,196,3
2021,용산구,1103063,이촌1동,10.0,28.0,8.0,30.0,76.0,4342.0,85.0,19.57623215108245,3.0241366306063764,0.21514723708107272,0.7848527629189272,105,4
2021,용산구,1103064,이촌2동,6.0,9.0,1.0,3.0,19.0,1793.0,17.0,9.481316229782488,2.349594265451468,0.06900269202340996,0.9309973079765901,11,5
2021,용산구,1103065,이태원1동,22.0,21.0,4.0,10.0,57.0,1393.0,55.5,39.842067480258436,3.7097126159195852,0.3636822967775063,0.6363177032224937,306,2
2021,용산구,1103066,이태원2동,14.0,20.0,3.0,13.0,50.0,1851.0,49.5,26.74230145867099,3.3229583767902766,0.27988915753754906,0.7201108424624509,206,3
2021,용산구,1103069,서빙고동,9.0,12.0,1.0,1.0,23.0,2161.0,18.5,8.560851457658492,2.257676787705922,0.04908809708927892,0.950911902910721,6,5
2021,용산구,1103070,보광동,10.0,46.0,9.0,17.0,82.0,2708.0,76.5,28.249630723781387,3.375866948770185,0.2913521872612323,0.7086478127387676,225,3
2021,용산구,1103071,청파동,26.0,36.0,11.0,18.0,91.0,3295.0,93.0,28.224582701062214,3.3750102284217047,0.29116657252146494,0.7088334274785351,224,3
2021,용산구,1103072,원효로1동,17.0,17.0,6.0,12.0,52.0,1980.0,55.5,28.03030303030303,3.3683402165043805,0.2897214655755688,0.7102785344244311,220,3
2021,용산구,1103073,한강로동,43.0,59.0,27.0,56.0,185.0,3239.0,210.5,64.98919419573943,4.18949100431516,0.4676297994439513,0.5323702005560487,377,1
2021,용산구,1103074,한남동,26.0,44.0,13.0,26.0,109.0,3759.0,113.0,30.061186485767493,3.435959016790287,0.30437157402777754,0.6956284259722225,237,3
2021,성동구,1104052,왕십리2동,11.0,19.0,5.0,15.0,50.0,2552.0,53.0,20.768025078369906,3.0804421535553415,0.22734624111801052,0.7726537588819895,123,4
2021,성동구,1104054,마장동,16.0,88.0,7.0,17.0,128.0,3925.0,99.5,25.35031847133758,3.2714803611131034,0.2687360683170017,0.7312639316829983,191,3
2021,성동구,1104055,사근동,34.0,23.0,10.0,8.0,75.0,1508.0,77.5,51.39257294429708,3.9587648435770046,0.417641286437455,0.582358713562545,352,1
2021,성동구,1104056,행당1동,20.0,28.0,12.0,42.0,102.0,2135.0,121.0,56.6744730679157,4.054814667787752,0.43845118450653253,0.5615488154934675,367,1
2021,성동구,1104057,행당2동,7.0,16.0,3.0,19.0,45.0,3837.0,49.5,12.900703674745895,2.631939462937729,0.13017484749858088,0.8698251525014191,29,5
2021,성동구,1104058,응봉동,2.0,12.0,2.0,6.0,22.0,2548.0,21.0,8.241758241758241,2.223732153456098,0.04173374340320614,0.9582662565967939,4,5
2021,성동구,1104059,금호1가동,6.0,20.0,5.0,14.0,45.0,2637.0,47.0,17.82328403488813,2.9350946160060234,0.19585563230277547,0.8041443676972245,79,5
2021,성동구,1104062,금호4가동,8.0,15.0,8.0,21.0,52.0,2406.0,63.0,26.18453865336658,3.302648379821789,0.27548884790480943,0.7245111520951906,201,3
2021,성동구,1104065,성수1가1동,18.0,13.0,5.0,12.0,48.0,2292.0,52.5,22.905759162303667,3.174119399043111,0.24764210262542094,0.752357897374579,145,4
2021,성동구,1104066,성수1가2동,28.0,32.0,5.0,32.0,97.0,1943.0,102.0,52.496139989706634,3.979609501573935,0.42215743429889335,0.5778425657011066,355,1
2021,성동구,1104067,성수2가1동,24.0,46.0,12.0,22.0,104.0,2899.0,104.0,35.874439461883405,3.6075186135107766,0.3415412174900294,0.6584587825099706,284,2
2021,성동구,1104068,성수2가3동,54.0,40.0,13.0,42.0,149.0,1913.0,163.0,85.20648196549921,4.4567453716580445,0.5255324160142681,0.47446758398573186,392,1
2021,성동구,1104069,송정동,8.0,19.0,5.0,3.0,35.0,1820.0,32.0,17.58241758241758,2.92221584238173,0.19306535164814126,0.8069346483518587,74,5
2021,성동구,1104070,용답동,16.0,42.0,8.0,19.0,85.0,2180.0,81.5,37.38532110091743,3.647675123515615,0.3502414195661627,0.6497585804338373,293,2
2021,성동구,1104071,왕십리도선동,23.0,40.0,15.0,54.0,132.0,3801.0,154.0,40.515653775322285,3.7260705555201974,0.36722636422901944,0.6327736357709806,312,2
2021,성동구,1104072,금호2·3가동,16.0,37.0,12.0,27.0,92.0,1500.0,99.0,66.0,4.204692619390966,0.4709233407160182,0.5290766592839817,378,1
2021,성동구,1104073,옥수동,10.0,17.0,8.0,31.0,66.0,4097.0,81.0,19.770563827190625,3.033536783749257,0.21718384912429575,0.7828161508757042,108,4
2021,광진구,1105053,화양동,59.0,45.0,17.0,57.0,178.0,2328.0,201.0,86.34020618556701,4.46981090877786,0.5283631603484227,0.4716368396515773,393,1
2021,광진구,1105054,군자동,26.0,38.0,13.0,35.0,112.0,3015.0,123.5,40.96185737976783,3.736761048033819,0.36954253774984314,0.6304574622501569,315,2
2021,광진구,1105055,중곡1동,13.0,69.0,13.0,29.0,124.0,2537.0,117.0,46.117461568782026,3.8526436662619403,0.39464935593634853,0.6053506440636515,339,2
2021,광진구,1105056,중곡2동,26.0,40.0,14.0,45.0,125.0,3291.0,141.5,42.996049832877546,3.7840998533625974,0.3797988367248657,0.6202011632751343,328,2
2021,광진구,1105057,중곡3동,16.0,26.0,10.0,22.0,74.0,2863.0,82.0,28.641285365001746,3.38916816537836,0.29423399328311023,0.7057660067168898,229,3
2021,광진구,1105058,중곡4동,22.0,70.0,8.0,32.0,132.0,5150.0,121.0,23.49514563106796,3.198474960411422,0.25291891342288414,0.7470810865771158,153,4
2021,광진구,1105059,능동,20.0,19.0,6.0,19.0,64.0,1637.0,70.0,42.76114844227245,3.778746401879786,0.3786389722421299,0.62136102775787,327,2
2021,광진구,1105060,구의1동,27.0,26.0,9.0,28.0,90.0,3120.0,100.0,32.05128205128205,3.4980603568095407,0.3178262842927152,0.6821737157072848,256,2
2021,광진구,1105061,구의2동,20.0,41.0,11.0,31.0,103.0,4355.0,109.0,25.028702640642937,3.259199876836327,0.26607541143252994,0.7339245885674701,182,3
2021,광진구,1105062,구의3동,25.0,43.0,17.0,53.0,138.0,4127.0,160.0,38.769081657378244,3.6830897676122367,0.3579142616547263,0.6420857383452737,300,2
2021,광진구,1105063,광장동,19.0,30.0,9.0,26.0,84.0,3805.0,91.0,23.915900131406044,3.215506159172518,0.2566088474037622,0.7433911525962378,162,4
2021,광진구,1105064,자양1동,27.0,67.0,14.0,50.0,158.0,3479.0,163.5,46.99626329405001,3.87112315983695,0.39865307359876045,0.6013469264012395,343,1
2021,광진구,1105065,자양2동,23.0,27.0,10.0,25.0,85.0,4022.0,94.0,23.371456986573843,3.193412651921966,0.25182212720255065,0.7481778727974493,149,4
2021,광진구,1105066,자양3동,25.0,29.0,10.0,30.0,94.0,4262.0,104.5,24.519005161895826,3.2394234750324116,0.2617907091012731,0.7382092908987269,173,3
2021,광진구,1105067,자양4동,27.0,70.0,14.0,45.0,156.0,3732.0,157.5,42.20257234726688,3.765900038552949,0.37585571351587505,0.6241442864841249,325,2
2021,동대문구,1106071,회기동,33.0,24.0,13.0,11.0,81.0,1549.0,87.5,56.48805681084571,4.05157721859162,0.4377497674208803,0.5622502325791197,365,1
2021,동대문구,1106072,휘경1동,17.0,27.0,12.0,19.0,75.0,2106.0,83.0,39.41120607787275,3.69910712467006,0.36138453940326204,0.638615460596738,304,2
2021,동대문구,1106073,휘경2동,21.0,20.0,6.0,12.0,59.0,3992.0,61.0,15.280561122244489,2.7899718269487566,0.16441371689483397,0.835586283105166,43,5
2021,동대문구,1106080,청량리동,15.0,68.0,21.0,47.0,151.0,5226.0,161.5,30.903176425564485,3.4627055793026966,0.31016641273940504,0.689833587260595,248,3
2021,동대문구,1106081,용신동,52.0,131.0,26.0,57.0,266.0,5732.0,255.0,44.4870900209351,3.8174285498926617,0.387019742991639,0.612980257008361,336,2
2021,동대문구,1106082,제기동,28.0,454.0,84.0,84.0,650.0,5787.0,549.0,94.86780715396579,4.562970233707104,0.5485468105725814,0.45145318942741863,398,1
2021,동대문구,1106083,전농1동,23.0,58.0,13.0,39.0,133.0,5651.0,136.5,24.155016811183863,3.225057352246929,0.25867818335465864,0.7413218166453414,167,4
2021,동대문구,1106084,전농2동,13.0,22.0,8.0,15.0,58.0,3662.0,62.5,17.067176406335335,2.894096833752277,0.18697316243081882,0.8130268375691811,67,5
2021,동대문구,1106086,답십리2동,21.0,56.0,16.0,42.0,135.0,5562.0,144.0,25.88996763754045,3.291753266767236,0.27312834184475815,0.7268716581552419,197,3
2021,동대문구,1106087,장안1동,54.0,58.0,29.0,53.0,194.0,6516.0,220.5,33.83977900552486,3.5507598088391803,0.3292440066471756,0.6707559933528244,274,2
2021,동대문구,1106088,장안2동,37.0,89.0,20.0,67.0,213.0,5211.0,222.0,42.602187679907885,3.775107325240884,0.37785053962870896,0.622149460371291,326,2
2021,동대문구,1106089,이문1동,29.0,27.0,15.0,33.0,104.0,3157.0,122.0,38.64428254672157,3.6799467396182868,0.3572333016142493,0.6427666983857507,299,2
2021,동대문구,1106090,이문2동,9.0,28.0,6.0,15.0,58.0,3990.0,57.5,14.411027568922306,2.735083329063606,0.15252172171899112,0.8474782782810089,38,5
2021,동대문구,1106091,답십리1동,23.0,34.0,11.0,42.0,110.0,4070.0,125.0,30.71253071253071,3.4567118933925927,0.3088678367776869,0.6911321632223131,245,3
2021,중랑구,1107052,면목2동,23.0,54.0,10.0,22.0,109.0,4566.0,103.0,22.55803766973281,3.1594670645561482,0.24446756701691527,0.7555324329830847,143,4
2021,중랑구,1107054,면목4동,15.0,30.0,5.0,11.0,61.0,3826.0,56.5,14.767381076842655,2.7579433172308985,0.15747450562599638,0.8425254943740036,42,5
2021,중랑구,1107055,면목5동,9.0,17.0,3.0,7.0,36.0,2225.0,34.0,15.280898876404494,2.7899925725885426,0.16441821158967462,0.8355817884103254,44,5
2021,중랑구,1107057,면목7동,16.0,76.0,10.0,51.0,153.0,4315.0,150.5,34.87833140208574,3.580133531150615,0.33560803877563783,0.6643919612243622,279,2
2021,중랑구,1107059,상봉1동,18.0,33.0,8.0,19.0,78.0,3796.0,79.0,20.8113804004215,3.082431870297863,0.22777732782679364,0.7722226721732064,125,4
2021,중랑구,1107060,상봉2동,29.0,47.0,11.0,49.0,136.0,3044.0,148.0,48.62023653088042,3.9043987450979287,0.4058624729199971,0.5941375270800029,347,1
2021,중랑구,1107061,중화1동,16.0,30.0,6.0,19.0,71.0,3701.0,71.5,19.319102945149957,3.0115614753356996,0.21242273756703484,0.7875772624329651,100,4
2021,중랑구,1107062,중화2동,23.0,63.0,12.0,31.0,129.0,5043.0,125.0,24.786833234186,3.2498640218996813,0.2640527300667315,0.7359472699332685,178,3
2021,중랑구,1107064,묵1동,21.0,32.0,10.0,28.0,91.0,5945.0,99.0,16.65264928511354,2.870885873254834,0.1819443377972894,0.8180556622027106,63,5
2021,중랑구,1107065,묵2동,17.0,35.0,7.0,24.0,83.0,3612.0,84.5,23.39424141749723,3.194347096965387,0.2520245815668822,0.7479754184331178,150,4
2021,중랑구,1107068,망우3동,12.0,28.0,4.0,14.0,58.0,3394.0,55.0,16.205067766647023,2.845203978018032,0.176380167050595,0.823619832949405,56,5
2021,중랑구,1107069,신내1동,21.0,38.0,13.0,32.0,104.0,6797.0,114.0,16.772105340591438,2.8776301123907477,0.18340552661387594,0.8165944733861241,65,5
2021,중랑구,1107070,신내2동,8.0,21.0,12.0,28.0,69.0,4101.0,84.5,20.60473055352353,3.0729122978191343,0.22571484270960201,0.7742851572903979,120,4
2021,중랑구,1107071,면목본동,30.0,113.0,18.0,64.0,225.0,6099.0,218.5,35.82554517133956,3.606191766620361,0.3412537463908399,0.6587462536091602,283,2
2021,중랑구,1107072,면목3·8동,18.0,60.0,20.0,32.0,130.0,1500.0,136.0,90.66666666666667,4.518158808998462,0.5388380871243124,0.46116191287568764,396,1
2021,중랑구,1107073,망우본동,41.0,104.0,27.0,68.0,240.0,6205.0,249.0,40.128928283642225,3.7167117250986235,0.36519870505609464,0.6348012949439054,308,2
2021,성북구,1108058,돈암1동,5.0,11.0,3.0,10.0,29.0,2882.0,31.5,10.929909784871617,2.4790486740419713,0.0970499380178452,0.9029500619821548,23,5
2021,성북구,1108059,돈암2동,6.0,12.0,4.0,4.0,26.0,3495.0,26.0,7.439198855507868,2.132887381769265,0.02205155809525954,0.9779484419047405,2,5
2021,성북구,1108060,안암동,36.0,25.0,9.0,14.0,84.0,2112.0,87.5,41.42992424242424,3.747853873740668,0.3719458797044424,0.6280541202955576,316,2
2021,성북구,1108061,보문동,16.0,24.0,6.0,19.0,65.0,2415.0,68.5,28.36438923395445,3.3797826896420347,0.2922005612075429,0.7077994387924571,227,3
2021,성북구,1108062,정릉1동,15.0,16.0,7.0,15.0,53.0,3118.0,59.5,19.082745349583067,2.9998610060748856,0.2098877451849179,0.7901122548150821,95,4
2021,성북구,1108063,정릉2동,14.0,26.0,7.0,28.0,75.0,4448.0,83.0,18.66007194244604,2.978589774043253,0.20527917693381179,0.7947208230661882,86,4
2021,성북구,1108064,정릉3동,27.0,17.0,2.0,3.0,49.0,3279.0,44.0,13.418725221103996,2.6685277244194383,0.13810196239145675,0.8618980376085432,32,5
2021,성북구,1108065,정릉4동,14.0,34.0,13.0,24.0,85.0,4855.0,93.0,19.155509783728114,3.003477689413644,0.21067132612581121,0.7893286738741888,96,4
2021,성북구,1108066,길음1동,8.0,41.0,12.0,33.0,94.0,4615.0,102.0,22.101841820151677,3.139912346823382,0.24023089416371374,0.7597691058362863,139,4
2021,성북구,1108068,길음2동,6.0,24.0,11.0,27.0,68.0,2559.0,80.5,31.457600625244233,3.479934641462955,0.3138992152752441,0.6861007847247559,252,3
2021,성북구,1108071,월곡1동,11.0,40.0,9.0,29.0,89.0,4738.0,92.5,19.523005487547486,3.021546475832185,0.21458606107396427,0.7854139389260357,104,4
2021,성북구,1108072,월곡2동,22.0,44.0,12.0,32.0,110.0,3619.0,116.0,32.053053329649074,3.4981139471938096,0.31783789504206617,0.6821621049579338,257,2
2021,성북구,1108076,장위1동,18.0,35.0,8.0,10.0,71.0,4067.0,66.5,16.351118760757313,2.8536569862020302,0.17821157319976313,0.8217884268002369,59,5
2021,성북구,1108077,장위2동,6.0,57.0,12.0,17.0,92.0,3118.0,84.0,26.940346375881976,3.3300717508844695,0.28143032214710184,0.7185696778528982,208,3
2021,성북구,1108078,장위3동,6.0,17.0,4.0,13.0,40.0,2128.0,42.0,19.736842105263158,3.031911930131493,0.21683181268445134,0.7831681873155487,107,4
2021,성북구,1108081,성북동,21.0,24.0,6.0,27.0,78.0,3076.0,85.5,27.79583875162549,3.3602308889117523,0.28796452034429926,0.7120354796557007,217,3
2021,성북구,1108082,삼선동,24.0,77.0,15.0,44.0,160.0,3948.0,158.5,40.146909827760894,3.7171488289876318,0.36529340681583866,0.6347065931841613,309,2
2021,성북구,1108083,동선동,30.0,29.0,17.0,60.0,136.0,2280.0,168.5,73.90350877192984,4.316200735513111,0.4950823909739891,0.5049176090260109,385,1
2021,성북구,1108084,종암동,28.0,63.0,18.0,44.0,153.0,6760.0,161.5,23.8905325443787,3.214487512067795,0.25638815004599164,0.7436118499540083,161,4
2021,성북구,1108085,석관동,25.0,68.0,16.0,39.0,148.0,7197.0,149.5,20.772544115603722,3.0806497317902473,0.22739121446330546,0.7726087855366945,124,4
2021,강북구,1109060,번1동,31.0,46.0,13.0,48.0,138.0,3657.0,152.0,41.56412359857807,3.751011729404281,0.37263005226817825,0.6273699477318218,317,2
2021,강북구,1109061,번2동,9.0,11.0,6.0,8.0,34.0,4001.0,38.5,9.622594351412147,2.3629832751902256,0.07190351907019442,0.9280964809298056,14,5
2021,강북구,1109062,번3동,11.0,18.0,5.0,14.0,48.0,4669.0,51.0,10.923109873634612,2.478478523049052,0.09692641062834577,0.9030735893716543,22,5
2021,강북구,1109063,수유1동,27.0,101.0,16.0,23.0,167.0,4432.0,144.0,32.49097472924188,3.511275991465933,0.32068954835777236,0.6793104516422277,265,2
2021,강북구,1109064,수유2동,21.0,47.0,14.0,19.0,101.0,4936.0,101.0,20.461912479740683,3.0662798515794036,0.2242778746429599,0.7757221253570401,119,4
2021,강북구,1109065,수유3동,34.0,84.0,16.0,68.0,202.0,4637.0,210.0,45.2879016605564,3.834880623718828,0.39080086263866387,0.6091991373613361,337,2
2021,강북구,1109069,삼양동,11.0,42.0,13.0,40.0,106.0,4945.0,118.0,23.862487360970675,3.2133601358228243,0.2561438957234448,0.7438561042765552,160,4
2021,강북구,1109070,미아동,31.0,42.0,13.0,45.0,131.0,4524.0,145.5,32.16180371352785,3.501398723043747,0.31854956579397703,0.681450434206023,262,2
2021,강북구,1109071,송중동,23.0,54.0,16.0,55.0,148.0,6013.0,164.5,27.357392316647264,3.344887748093847,0.28464031648339944,0.7153596835166005,213,3
2021,강북구,1109072,송천동,24.0,53.0,20.0,52.0,149.0,6173.0,168.5,27.29629029645229,3.342730711125797,0.28417297862198015,0.7158270213780198,211,3
2021,강북구,1109073,삼각산동,13.0,42.0,8.0,29.0,92.0,4504.0,93.5,20.759325044404974,3.08004240332675,0.22725963230244595,0.772740367697554,122,4
2021,강북구,1109074,우이동,23.0,46.0,9.0,14.0,92.0,4864.0,85.0,17.47532894736842,2.916436271675402,0.19181316531391313,0.8081868346860869,73,5
2021,강북구,1109075,인수동,25.0,60.0,13.0,19.0,117.0,6978.0,109.5,15.692175408426484,2.8149400712067116,0.16982326992880756,0.8301767300711924,48,5
2021,도봉구,1110051,쌍문1동,18.0,41.0,3.0,11.0,73.0,4614.0,61.0,13.220632856523624,2.6546939280629642,0.13510476906547053,0.8648952309345295,30,5
2021,도봉구,1110052,쌍문2동,17.0,27.0,7.0,30.0,81.0,3908.0,89.5,22.90174002047083,3.173951260491168,0.24760567417637203,0.752394325823628,144,4
2021,도봉구,1110053,쌍문3동,17.0,40.0,13.0,21.0,91.0,3460.0,94.5,27.3121387283237,3.343290643014334,0.28429429196765077,0.7157057080323492,212,3
2021,도봉구,1110054,쌍문4동,11.0,10.0,2.0,7.0,30.0,3072.0,30.5,9.928385416666666,2.3913635709351553,0.07805231805525473,0.9219476819447453,16,5
2021,도봉구,1110055,방학1동,25.0,61.0,13.0,55.0,154.0,5868.0,164.0,27.94819359236537,3.3655078045718665,0.289107802780352,0.710892197219648,219,3
2021,도봉구,1110056,방학2동,17.0,73.0,7.0,15.0,112.0,4405.0,90.0,20.43132803632236,3.0648537784623526,0.22396890545484593,0.7760310945451541,118,4
2021,도봉구,1110057,방학3동,12.0,18.0,6.0,18.0,54.0,5080.0,60.0,11.811023622047244,2.5503060207604467,0.11248836421038862,0.8875116357896113,26,5
2021,도봉구,1110059,창1동,15.0,30.0,7.0,32.0,84.0,4615.0,92.0,19.934994582881906,3.041422140712148,0.2188922694778407,0.7811077305221593,110,4
2021,도봉구,1110060,창2동,21.0,65.0,10.0,18.0,114.0,5281.0,100.5,19.030486650255636,2.9972554454512608,0.20932323138766756,0.7906767686123324,93,4
2021,도봉구,1110061,창3동,14.0,35.0,7.0,19.0,75.0,2940.0,74.0,25.170068027210885,3.264616315973559,0.26724892265203876,0.7327510773479613,185,3
2021,도봉구,1110062,창4동,19.0,21.0,7.0,28.0,75.0,4274.0,85.5,20.004679457182966,3.0447452441946448,0.21961224419213088,0.7803877558078691,113,4
2021,도봉구,1110063,창5동,22.0,35.0,14.0,44.0,115.0,4377.0,133.5,30.50034270047978,3.449998425152718,0.30741331470115246,0.6925866852988476,242,3
2021,도봉구,1110064,도봉1동,24.0,73.0,9.0,21.0,127.0,5790.0,110.0,18.998272884283246,2.9956459140392777,0.20897451461595484,0.7910254853840452,90,4
2021,도봉구,1110065,도봉2동,13.0,33.0,6.0,14.0,66.0,6476.0,62.5,9.651019147621989,2.3656555821893903,0.07248249395868442,0.9275175060413156,15,5
2021,노원구,1111051,월계1동,29.0,39.0,9.0,33.0,110.0,4239.0,116.0,27.364944562396794,3.3451540363397014,0.2846980097826716,0.7153019902173283,214,3
2021,노원구,1111052,월계2동,16.0,20.0,6.0,10.0,52.0,5875.0,53.0,9.02127659574468,2.3047104923063593,0.059278293756361324,0.9407217062436387,8,5
2021,노원구,1111053,월계3동,9.0,24.0,8.0,10.0,51.0,6149.0,52.0,8.456659619450317,2.246719214940915,0.0467140586753827,0.9532859413246173,5,5
2021,노원구,1111056,공릉2동,38.0,46.0,12.0,32.0,128.0,5529.0,133.0,24.054982817869416,3.2210727226349376,0.25781488415812254,0.7421851158418775,165,4
2021,노원구,1111058,하계1동,15.0,23.0,11.0,15.0,64.0,4493.0,71.0,15.802359225461828,2.821519306636845,0.17124870948373203,0.828751290516268,50,5
2021,노원구,1111059,하계2동,5.0,12.0,4.0,8.0,29.0,3229.0,31.0,9.600495509445649,2.360900746199571,0.07145232390791768,0.9285476760920823,13,5
2021,노원구,1111060,중계본동,16.0,37.0,8.0,31.0,92.0,2535.0,97.0,38.264299802761336,3.6703157040627503,0.3551466672048971,0.6448533327951029,297,2
2021,노원구,1111061,중계1동,13.0,29.0,9.0,34.0,85.0,2382.0,96.5,40.51217464315701,3.7259867491089356,0.3672082069560601,0.63279179304394,311,2
2021,노원구,1111064,중계4동,10.0,13.0,10.0,20.0,53.0,4006.0,66.5,16.600099850224662,2.867904575336232,0.18129841776245903,0.818701582237541,62,5
2021,노원구,1111065,상계1동,26.0,58.0,12.0,39.0,135.0,7102.0,137.5,19.360743452548576,3.0136087063667616,0.21286628516777562,0.7871337148322244,103,4
2021,노원구,1111066,상계2동,30.0,58.0,20.0,68.0,176.0,3392.0,201.0,59.257075471698116,4.098620000690696,0.4479419307945437,0.5520580692054563,371,1
2021,노원구,1111069,상계5동,19.0,52.0,11.0,20.0,102.0,5037.0,97.0,19.257494540401034,3.0085248258427,0.21176482520810969,0.7882351747918903,99,4
2021,노원구,1111072,상계8동,5.0,12.0,7.0,28.0,52.0,2918.0,67.0,22.960932145305,3.1764246767185873,0.2481415579221045,0.7518584420778955,146,4
2021,노원구,1111073,상계9동,9.0,17.0,6.0,24.0,56.0,3487.0,65.5,18.784055061657586,2.9848763133560423,0.20664120173064382,0.7933587982693562,88,4
2021,노원구,1111074,상계10동,5.0,10.0,1.0,6.0,22.0,2734.0,21.0,7.681053401609364,2.1611428809411897,0.02817331898852798,0.9718266810114721,3,5
2021,노원구,1111076,상계3·4동,16.0,48.0,9.0,23.0,96.0,1500.0,92.5,61.666666666666664,4.137829674161839,0.45643699379919844,0.5435630062008016,373,1
2021,노원구,1111077,상계6·7동,25.0,36.0,33.0,163.0,257.0,1500.0,353.5,235.66666666666666,5.466652681367251,0.7443362331680887,0.2556637668319113,419,1
2021,노원구,1111078,중계2·3동,9.0,26.0,10.0,28.0,73.0,1500.0,84.0,56.0,4.04305126783455,0.4359025577288843,0.5640974422711157,361,1
2021,노원구,1111079,공릉1동,36.0,63.0,23.0,58.0,180.0,6594.0,200.5,30.40643008795875,3.4470126518209696,0.30676642503527735,0.6932335749647227,241,3
2021,은평구,1112051,녹번동,31.0,45.0,12.0,29.0,117.0,7050.0,121.0,17.163120567375888,2.8993931958213572,0.1881206580738369,0.8118793419261631,70,5
2021,은평구,1112052,불광1동,30.0,43.0,16.0,71.0,160.0,7722.0,190.0,24.605024605024603,3.2427886058601407,0.2625197893477971,0.7374802106522029,174,3
2021,은평구,1112055,갈현1동,23.0,53.0,10.0,44.0,130.0,4381.0,135.5,30.929011641177812,3.463515052322704,0.3103417909993284,0.6896582090006715,249,3
2021,은평구,1112056,갈현2동,27.0,47.0,16.0,30.0,120.0,5010.0,127.5,25.449101796407188,3.2752221991797716,0.26954676494657087,0.7304532350534292,192,3
2021,은평구,1112057,구산동,21.0,26.0,8.0,27.0,82.0,6237.0,90.5,14.510181176847844,2.741496658412797,0.15391121650606382,0.8460887834939361,40,5
2021,은평구,1112058,대조동,37.0,85.0,24.0,97.0,243.0,5165.0,273.0,52.85575992255566,3.986309360232485,0.4236090077599311,0.576390992240069,356,1
2021,은평구,1112059,응암1동,24.0,35.0,16.0,66.0,141.0,5170.0,172.5,33.36557059961315,3.5370552085274767,0.32627480459076946,0.6737251954092305,272,2
2021,은평구,1112060,응암2동,12.0,23.0,9.0,18.0,62.0,4000.0,68.5,17.125,2.8972922007407385,0.18766546209788823,0.8123345379021117,69,5
2021,은평구,1112065,신사1동,22.0,32.0,9.0,34.0,97.0,4965.0,107.0,21.550855991943607,3.1157730249596587,0.2350009332390739,0.7649990667609261,133,4
2021,은평구,1112066,신사2동,10.0,36.0,7.0,14.0,67.0,3866.0,63.0,16.29591308846353,2.850470235934154,0.17752114040833394,0.8224788595916661,58,5
2021,은평구,1112067,증산동,14.0,31.0,8.0,20.0,73.0,3152.0,75.5,23.953045685279186,3.2169958863016777,0.2569316076999241,0.7430683923000758,163,4
2021,은평구,1112068,수색동,6.0,21.0,5.0,6.0,38.0,2227.0,35.5,15.940727436012574,2.8297206302153057,0.17302558631928786,0.8269744136807121,53,5
2021,은평구,1112071,진관동,32.0,49.0,23.0,44.0,148.0,8314.0,168.5,20.267019485205676,3.0571574917584514,0.22230144855802572,0.7776985514419743,115,4
2021,은평구,1112072,불광2동,20.0,57.0,9.0,27.0,113.0,5954.0,107.0,17.97111185757474,2.942917393593326,0.19755049437614736,0.8024495056238526,82,5
2021,은평구,1112073,응암3동,28.0,74.0,14.0,46.0,162.0,5583.0,162.0,29.016657710908113,3.4017524845942813,0.2969604782330197,0.7030395217669803,231,3
2021,은평구,1112074,역촌동,40.0,54.0,17.0,44.0,155.0,8445.0,167.0,19.775014801657786,3.0337510532157603,0.21723027217393578,0.7827697278260642,109,4
2021,서대문구,1113052,천연동,8.0,42.0,6.0,25.0,81.0,3224.0,78.5,24.348635235732008,3.2327248917331834,0.2603394119561757,0.7396605880438243,169,4
2021,서대문구,1113062,홍제1동,21.0,29.0,10.0,36.0,96.0,4594.0,109.5,23.8354375272094,3.2122715657671015,0.2559080490460897,0.7440919509539103,158,4
2021,서대문구,1113064,홍제3동,14.0,101.0,15.0,45.0,175.0,3649.0,162.0,44.395724856124964,3.8154179344487424,0.3865841284260957,0.6134158715739043,334,2
2021,서대문구,1113065,홍제2동,7.0,14.0,5.0,13.0,39.0,2751.0,43.5,15.812431842966195,2.8221186034038745,0.17137855151871217,0.8286214484812878,51,5
2021,서대문구,1113066,홍은1동,14.0,31.0,6.0,13.0,64.0,4586.0,61.0,13.301351940689052,2.6603540741040406,0.13633108117107573,0.8636689188289243,31,5
2021,서대문구,1113068,홍은2동,29.0,19.0,7.0,14.0,69.0,5203.0,73.5,14.126465500672689,2.7164458918295784,0.14848378440576956,0.8515162155942304,36,5
2021,서대문구,1113069,남가좌1동,5.0,38.0,9.0,27.0,79.0,2180.0,82.5,37.8440366972477,3.6595545694656666,0.35281518855917277,0.6471848114408272,294,2
2021,서대문구,1113070,남가좌2동,28.0,45.0,12.0,32.0,117.0,4851.0,122.5,25.252525252525253,3.2677621845069003,0.2679304981161844,0.7320695018838156,189,3
2021,서대문구,1113071,북가좌1동,13.0,8.0,5.0,17.0,43.0,2961.0,52.5,17.73049645390071,2.9301530219189638,0.1947849997420658,0.8052150002579341,78,5
2021,서대문구,1113072,북가좌2동,28.0,42.0,12.0,32.0,114.0,6363.0,121.0,19.016187333019015,2.9965413128443785,0.20916850932670453,0.7908314906732955,91,4
2021,서대문구,1113073,충현동,25.0,34.0,7.0,19.0,85.0,3410.0,84.5,24.78005865102639,3.2496012725676615,0.26399580349906754,0.7360041965009325,177,3
2021,서대문구,1113074,북아현동,7.0,22.0,10.0,13.0,52.0,2258.0,57.5,25.46501328609389,3.2758236073349103,0.26967706442925277,0.7303229355707472,193,3
2021,서대문구,1113075,신촌동,82.0,51.0,31.0,60.0,224.0,2124.0,259.5,122.17514124293784,4.813607255114475,0.6028491574085373,0.3971508425914627,409,1
2021,서대문구,1113076,연희동,41.0,45.0,15.0,37.0,138.0,6114.0,149.0,24.370297677461565,3.233579106985853,0.2605244839485835,0.7394755160514165,170,4
2021,마포구,1114059,용강동,27.0,20.0,7.0,25.0,79.0,2956.0,88.5,29.939106901217862,3.4320209792214467,0.30351836933871995,0.69648163066128,235,3
2021,마포구,1114060,대흥동,31.0,27.0,19.0,65.0,142.0,2068.0,180.0,87.04061895551257,4.477798287023286,0.5300936843602291,0.4699063156397709,394,1
2021,마포구,1114061,염리동,14.0,23.0,3.0,9.0,49.0,2101.0,45.0,21.41837220371252,3.1098808103566307,0.23372434177940496,0.7662756582205951,130,4
2021,마포구,1114063,신수동,13.0,28.0,6.0,18.0,65.0,3242.0,66.0,20.357803824799507,3.06141719161491,0.22322434373816966,0.7767756562618303,117,4
2021,마포구,1114066,서교동,123.0,68.0,36.0,171.0,398.0,3338.0,485.5,145.44637507489514,4.986659321003565,0.6403421552498837,0.3596578447501163,414,1
2021,마포구,1114068,합정동,26.0,20.0,8.0,23.0,77.0,2648.0,86.5,32.666163141993955,3.516493271882908,0.3218199103815156,0.6781800896184844,266,2
2021,마포구,1114069,망원1동,29.0,50.0,10.0,39.0,128.0,3375.0,132.5,39.25925925925926,3.6953400211168805,0.36056836882094717,0.6394316311790529,303,2
2021,마포구,1114070,망원2동,21.0,35.0,8.0,21.0,85.0,3124.0,86.0,27.528809218950062,3.35091442649772,0.2859460405105933,0.7140539594894066,215,3
2021,마포구,1114071,연남동,26.0,25.0,2.0,11.0,64.0,2413.0,59.0,24.450891007045175,3.2367507524836996,0.2612116441809294,0.7387883558190707,172,3
2021,마포구,1114072,성산1동,24.0,19.0,5.0,11.0,59.0,2953.0,60.0,20.31832035218422,3.05956681346355,0.22282344575594573,0.7771765542440543,116,4
2021,마포구,1114073,성산2동,46.0,69.0,11.0,30.0,156.0,6288.0,147.5,23.45737913486005,3.196931975493632,0.2525846144366529,0.7474153855633471,152,4
2021,마포구,1114074,상암동,53.0,37.0,16.0,57.0,163.0,4064.0,189.0,46.50590551181102,3.860854029877131,0.3964281913620886,0.6035718086379114,340,2
2021,마포구,1114075,도화동,26.0,31.0,14.0,58.0,129.0,3720.0,156.5,42.06989247311828,3.7628242025019154,0.37518931110207404,0.6248106888979259,324,2
2021,마포구,1114076,서강동,32.0,24.0,6.0,20.0,82.0,3227.0,86.0,26.65013944840409,3.3196307712975464,0.2791682074297604,0.7208317925702397,204,3
2021,마포구,1114077,공덕동,25.0,73.0,20.0,46.0,164.0,5910.0,170.5,28.849407783417934,3.3961649998903076,0.2957499087384093,0.7042500912615908,230,3
2021,마포구,1114078,아현동,21.0,53.0,16.0,57.0,147.0,3155.0,165.0,52.29793977812996,3.975897677106353,0.4213532403354437,0.5786467596645564,354,1
2021,양천구,1115051,목1동,32.0,25.0,22.0,102.0,181.0,3282.0,241.5,73.58318098720292,4.311915025855088,0.4941538605797903,0.5058461394202096,384,1
2021,양천구,1115052,목2동,23.0,34.0,13.0,24.0,94.0,4183.0,102.0,24.38441310064547,3.234135328204787,0.2606449933505006,0.7393550066494994,171,3
2021,양천구,1115053,목3동,15.0,40.0,13.0,57.0,125.0,3377.0,146.5,43.38169973349127,3.7928272163089227,0.38168968384319446,0.6183103161568055,330,2
2021,양천구,1115054,목4동,16.0,69.0,12.0,36.0,133.0,3279.0,128.5,39.188777066178716,3.6935877791894534,0.36018873277057695,0.639811267229423,302,2
2021,양천구,1115057,신월1동,13.0,99.0,12.0,16.0,140.0,4260.0,110.5,25.938967136150236,3.293573830831885,0.2735227803866804,0.7264772196133196,198,3
2021,양천구,1115058,신월2동,7.0,32.0,4.0,15.0,58.0,3918.0,53.5,13.654925982644206,2.6847765234946395,0.14162238374858427,0.8583776162514157,34,5
2021,양천구,1115059,신월3동,15.0,44.0,7.0,10.0,76.0,3022.0,66.0,21.83984116479153,3.128506430507566,0.23775971883500344,0.7622402811649965,137,4
2021,양천구,1115060,신월4동,14.0,18.0,7.0,18.0,57.0,3312.0,64.0,19.32367149758454,3.0117862903251518,0.21247144538147741,0.7875285546185226,101,4
2021,양천구,1115061,신월5동,20.0,24.0,5.0,11.0,60.0,2467.0,58.5,23.71301175516822,3.2073298966351063,0.254837400226345,0.7451625997736551,156,4
2021,양천구,1115062,신월6동,7.0,30.0,5.0,16.0,58.0,1846.0,56.0,30.335861321776814,3.444763170829638,0.3062790584989761,0.6937209415010239,239,3
2021,양천구,1115063,신월7동,15.0,27.0,10.0,21.0,73.0,4406.0,80.0,18.157058556513846,2.952671240742376,0.19966373681694277,0.8003362631830573,83,5
2021,양천구,1115064,신정1동,8.0,44.0,8.0,38.0,98.0,2720.0,103.0,37.86764705882353,3.6601622094281825,0.3529468382085767,0.6470531617914232,295,2
2021,양천구,1115065,신정2동,12.0,40.0,7.0,32.0,91.0,2625.0,94.0,35.80952380952381,3.605756610863999,0.3411594667083056,0.6588405332916945,282,2
2021,양천구,1115066,신정3동,27.0,34.0,15.0,51.0,127.0,7530.0,150.5,19.9867197875166,3.04388984660921,0.21942691603866776,0.7805730839613323,111,4
2021,양천구,1115069,신정6동,9.0,11.0,2.0,5.0,27.0,2823.0,26.0,9.210060219624513,2.3233735302614833,0.06332177765335736,0.9366782223466427,9,5
2021,양천구,1115070,신정7동,13.0,29.0,8.0,28.0,78.0,5000.0,85.5,17.1,2.89591193827178,0.18736641812228894,0.8126335818777111,68,5
2021,양천구,1115071,목5동,16.0,29.0,10.0,40.0,95.0,4699.0,110.5,23.515641625877848,3.1993113475478805,0.2531001228233074,0.7468998771766926,154,4
2021,양천구,1115072,신정4동,41.0,68.0,13.0,71.0,193.0,5878.0,207.5,35.30112283089486,3.591848672772996,0.33814621003237694,0.6618537899676231,281,2
2021,강서구,1116051,염창동,24.0,42.0,13.0,39.0,118.0,4422.0,129.5,29.285391225689736,3.410665458483523,0.29889153932190315,0.7011084606780968,233,3
2021,강서구,1116052,등촌1동,34.0,20.0,14.0,43.0,111.0,2934.0,136.5,46.52351738241308,3.8612246913052934,0.39650849787593784,0.6034915021240621,341,1
2021,강서구,1116053,등촌2동,13.0,22.0,6.0,15.0,56.0,3187.0,58.5,18.35582052086602,2.962993176355845,0.20190005978532818,0.7980999402146718,85,5
2021,강서구,1116054,등촌3동,30.0,46.0,19.0,60.0,155.0,6761.0,181.0,26.771187694128088,3.323999069368063,0.28011463120856234,0.7198853687914377,207,3
2021,강서구,1116055,화곡본동,28.0,53.0,10.0,29.0,120.0,4900.0,118.0,24.081632653061224,3.2221358114554084,0.25804521013918663,0.7419547898608134,166,4
2021,강서구,1116057,화곡2동,11.0,30.0,4.0,15.0,60.0,2876.0,56.5,19.645340751043115,3.0274896644594413,0.21587369642941415,0.7841263035705859,106,4
2021,강서구,1116058,화곡3동,15.0,30.0,8.0,46.0,99.0,4096.0,115.0,28.076171875,3.3699190028375496,0.2900635212007204,0.7099364787992797,222,3
2021,강서구,1116059,화곡4동,18.0,71.0,13.0,34.0,136.0,3845.0,130.5,33.940182054616386,3.5536375151850774,0.3298674828088754,0.6701325171911245,275,2
2021,강서구,1116061,화곡6동,31.0,33.0,8.0,29.0,101.0,3948.0,107.0,27.102330293819655,3.335852501506995,0.28268276411881815,0.7173172358811819,209,3
2021,강서구,1116063,화곡8동,14.0,74.0,8.0,36.0,132.0,4444.0,121.0,27.22772277227723,3.3403045720714126,0.2836473378221348,0.7163526621778652,210,3
2021,강서구,1116064,가양1동,74.0,59.0,24.0,101.0,258.0,3121.0,303.0,97.08426786286446,4.5858269853405424,0.5534988932608165,0.44650110673918353,401,1
2021,강서구,1116065,가양2동,7.0,9.0,8.0,31.0,55.0,4134.0,74.0,17.900338655055634,2.9391798401619784,0.19674072604420936,0.8032592739557907,81,5
2021,강서구,1116066,가양3동,9.0,7.0,3.0,9.0,28.0,3721.0,32.0,8.59983875302338,2.2617463017726624,0.049969787124793566,0.9500302128752064,7,5
2021,강서구,1116067,발산1동,44.0,148.0,35.0,95.0,322.0,4874.0,330.5,67.80878128846943,4.231331371801467,0.4766948215792585,0.5233051784207414,382,1
2021,강서구,1116069,공항동,39.0,56.0,14.0,28.0,137.0,4303.0,137.0,31.83825238205903,3.4915940670311407,0.31642531524067014,0.6835746847593298,255,3
2021,강서구,1116070,방화1동,42.0,103.0,19.0,72.0,236.0,6616.0,239.5,36.20012091898428,3.616312011784148,0.34344637164573255,0.6565536283542674,285,2
2021,강서구,1116071,방화2동,33.0,44.0,9.0,20.0,106.0,4857.0,103.0,21.20650607370805,3.100385312325915,0.23166707256774294,0.768332927432257,126,4
2021,강서구,1116072,방화3동,16.0,15.0,5.0,11.0,47.0,5260.0,50.0,9.505703422053232,2.351918292745652,0.06950620956234484,0.9304937904376551,12,5
2021,강서구,1116073,화곡1동,59.0,67.0,27.0,76.0,229.0,8430.0,260.5,30.901542111506526,3.4626543506758556,0.31015531368210286,0.6898446863178971,247,3
2021,강서구,1116074,우장산동,22.0,48.0,13.0,50.0,133.0,5829.0,147.0,25.21873391662378,3.2664741902369707,0.26765144472185465,0.7323485552781454,187,3
2021,구로구,1117051,신도림동,21.0,22.0,10.0,34.0,87.0,4740.0,103.0,21.729957805907173,3.1236837815454024,0.2367148566069856,0.7632851433930143,135,4
2021,구로구,1117052,구로1동,9.0,14.0,3.0,6.0,32.0,2668.0,31.0,11.619190404797601,2.5352187032959526,0.10921958635314809,0.8907804136468519,25,5
2021,구로구,1117054,구로3동,72.0,54.0,16.0,64.0,206.0,3541.0,227.0,64.10618469358938,4.17601954767575,0.46471110967214063,0.5352888903278594,376,1
2021,구로구,1117055,구로4동,20.0,117.0,17.0,49.0,203.0,4665.0,186.0,39.87138263665595,3.7104301271154347,0.3638377508345204,0.6361622491654796,307,2
2021,구로구,1117056,구로5동,25.0,42.0,14.0,40.0,121.0,4826.0,134.0,27.766266058847908,3.3592033832124115,0.2877419037071073,0.7122580962928927,216,3
2021,구로구,1117061,고척1동,20.0,37.0,12.0,32.0,101.0,4429.0,110.5,24.949198464664708,3.2561407214533493,0.2654126230076646,0.7345873769923355,180,3
2021,구로구,1117062,고척2동,26.0,55.0,11.0,36.0,128.0,5243.0,129.5,24.699599465954606,3.246475406797416,0.2633185617800853,0.7366814382199147,176,3
2021,구로구,1117064,개봉2동,14.0,35.0,8.0,40.0,97.0,6506.0,107.5,16.523209345219797,2.8635262505372903,0.18034982161948865,0.8196501783805114,60,5
2021,구로구,1117065,개봉3동,9.0,28.0,9.0,19.0,65.0,4307.0,69.5,16.136521941026235,2.841211971984896,0.17551526969837886,0.8244847303016212,55,5
2021,구로구,1117067,오류1동,17.0,45.0,9.0,33.0,104.0,4015.0,107.0,26.650062266500626,3.3196279799188146,0.27916760265710877,0.7208323973428912,203,3
2021,구로구,1117074,항동,10.0,23.0,3.0,8.0,44.0,1626.0,39.5,24.292742927429277,3.230517513773708,0.25986116735016973,0.7401388326498303,168,4
2021,구로구,1117069,수궁동,22.0,42.0,5.0,12.0,81.0,4430.0,71.0,16.027088036117384,2.8348054898084953,0.174127258401453,0.825872741598547,54,5
2021,구로구,1117070,가리봉동,13.0,71.0,7.0,9.0,100.0,2077.0,76.0,36.5912373615792,3.6267709743415653,0.34571238250537345,0.6542876174946266,288,2
2021,구로구,1117071,구로2동,31.0,122.0,27.0,48.0,228.0,5946.0,218.0,36.66330306088127,3.628686226788175,0.3461273359789274,0.6538726640210726,289,2
2021,구로구,1117072,개봉1동,20.0,71.0,12.0,34.0,137.0,6464.0,130.5,20.188737623762375,3.053469796355639,0.22150248233322606,0.7784975176667739,114,4
2021,금천구,1118051,가산동,125.0,72.0,26.0,79.0,302.0,2682.0,331.5,123.60178970917227,4.825122969887214,0.6053441213773152,0.3946558786226848,410,1
2021,금천구,1118052,독산1동,47.0,78.0,16.0,44.0,185.0,5900.0,184.0,31.1864406779661,3.4715452669065665,0.31208159581767286,0.6879184041823272,250,3
2021,금천구,1118053,독산2동,15.0,42.0,9.0,22.0,88.0,3524.0,87.0,24.687854710556184,3.246018300844567,0.26321952642667656,0.7367804735733234,175,3
2021,금천구,1118054,독산3동,19.0,97.0,16.0,36.0,168.0,4671.0,153.5,32.862342110897025,3.522303544746878,0.3230787485631186,0.6769212514368814,268,2
2021,금천구,1118055,독산4동,15.0,36.0,3.0,8.0,62.0,2942.0,51.0,17.335146159075457,2.908819773080033,0.1901629950953281,0.8098370049046719,71,5
2021,금천구,1118057,시흥1동,36.0,134.0,25.0,83.0,278.0,6274.0,277.5,44.23015620019127,3.81176403694811,0.38579248476440425,0.6142075152355957,333,2
2021,금천구,1118058,시흥2동,2.0,10.0,4.0,8.0,24.0,4077.0,27.0,6.622516556291391,2.0311065719069585,0.0,1.0,1,5
2021,금천구,1118059,시흥3동,11.0,15.0,6.0,6.0,38.0,2380.0,39.5,16.596638655462186,2.867707898318953,0.18125580624582432,0.8187441937541757,61,5
2021,금천구,1118060,시흥4동,13.0,35.0,6.0,17.0,71.0,4191.0,68.0,16.225244571701264,2.8463760154463107,0.17663409754569,0.82336590245431,57,5
2021,금천구,1118061,시흥5동,19.0,62.0,14.0,21.0,116.0,4400.0,109.5,24.886363636363633,3.253716329528921,0.2648873607363235,0.7351126392636764,179,3
2021,영등포구,1119054,여의동,99.0,82.0,49.0,151.0,381.0,6230.0,464.5,74.5585874799358,4.324908348439725,0.49696895910586014,0.5030310408941399,386,1
2021,영등포구,1119055,당산1동,39.0,55.0,10.0,37.0,141.0,3394.0,142.0,41.838538597525044,3.7574381319613885,0.37402237946151945,0.6259776205384806,322,2
2021,영등포구,1119056,당산2동,43.0,37.0,14.0,77.0,171.0,4696.0,205.0,43.654173764906304,3.798947780331291,0.3830157488774342,0.6169842511225658,331,2
2021,영등포구,1119061,양평1동,24.0,33.0,6.0,18.0,81.0,2396.0,79.5,33.180300500834726,3.531649469364267,0.32510361159901974,0.6748963884009802,269,2
2021,영등포구,1119062,양평2동,33.0,29.0,7.0,21.0,90.0,2535.0,93.0,36.68639053254438,3.6292990354482924,0.34626010546453223,0.6537398945354678,290,2
2021,영등포구,1119063,신길1동,20.0,42.0,12.0,19.0,93.0,3326.0,93.5,28.111846061334937,3.3711451724879273,0.29032917983830175,0.7096708201616982,223,3
2021,영등포구,1119065,신길3동,12.0,49.0,14.0,39.0,114.0,3144.0,123.0,39.12213740458015,3.6919282369632946,0.3598291807895976,0.6401708192104024,301,2
2021,영등포구,1119066,신길4동,6.0,14.0,1.0,7.0,28.0,2335.0,25.5,10.920770877944326,2.4782823305146104,0.09688390407846718,0.9031160959215329,21,5
2021,영등포구,1119067,신길5동,7.0,16.0,0.0,4.0,27.0,2047.0,21.0,10.258915486077186,2.421160302449201,0.08450799822639643,0.9154920017736036,19,5
2021,영등포구,1119068,신길6동,20.0,44.0,16.0,41.0,121.0,3329.0,135.5,40.7029137879243,3.7305710013737863,0.3682014187931288,0.6317985812068712,313,2
2021,영등포구,1119069,신길7동,17.0,20.0,6.0,12.0,55.0,2568.0,57.0,22.19626168224299,3.1439911313026463,0.24111459270201602,0.758885407297984,140,4
2021,영등포구,1119070,대림1동,12.0,58.0,13.0,24.0,107.0,3181.0,103.0,32.379754794089905,3.507949572313655,0.3199688552793338,0.6800311447206662,263,2
2021,영등포구,1119071,대림2동,16.0,74.0,17.0,31.0,138.0,3082.0,133.5,43.31602855288774,3.791346429960226,0.3813688606326194,0.6186311393673807,329,2
2021,영등포구,1119072,대림3동,26.0,61.0,11.0,33.0,131.0,4565.0,128.0,28.039430449069002,3.3686545771289,0.2897895741078534,0.7102104258921467,221,3
2021,영등포구,1119073,영등포본동,20.0,52.0,10.0,22.0,104.0,4225.0,99.0,23.431952662721894,3.1958918109630168,0.2523592551709277,0.7476407448290723,151,4
2021,영등포구,1119074,영등포동,65.0,131.0,42.0,108.0,346.0,3418.0,376.5,110.1521357519017,4.710899855267449,0.5805968468049595,0.4194031531950405,404,1
2021,영등포구,1119075,도림동,13.0,33.0,6.0,17.0,69.0,3350.0,67.0,20.0,3.044522437723423,0.21956397153787716,0.7804360284621228,112,4
2021,영등포구,1119076,문래동,40.0,72.0,17.0,57.0,186.0,4695.0,195.5,41.64004259850905,3.7527937788840378,0.3730161463431286,0.6269838536568715,320,2
2021,동작구,1120052,노량진2동,19.0,472.0,13.0,14.0,518.0,2285.0,302.0,132.1663019693654,4.891598737881393,0.6197465835097523,0.3802534164902477,411,1
2021,동작구,1120053,상도1동,43.0,37.0,15.0,48.0,143.0,7096.0,163.5,23.041149943630213,3.179766943116572,0.24886568442242116,0.7511343155775788,147,4
2021,동작구,1120054,상도2동,20.0,36.0,15.0,60.0,131.0,4320.0,158.0,36.57407407407407,3.62631429326154,0.34561343920377463,0.6543865607962254,287,2
2021,동작구,1120055,상도3동,14.0,30.0,11.0,35.0,90.0,4438.0,103.5,23.321315908066698,3.1913531636961308,0.2513759239907669,0.7486240760092331,148,4
2021,동작구,1120056,상도4동,16.0,35.0,12.0,28.0,91.0,5145.0,99.5,19.339164237123423,3.0125483001559283,0.2126365403937421,0.7873634596062579,102,4
2021,동작구,1120063,사당1동,31.0,34.0,14.0,62.0,141.0,3800.0,169.0,44.473684210526315,3.817133789637615,0.38695588102299155,0.6130441189770084,335,2
2021,동작구,1120065,사당3동,12.0,21.0,6.0,14.0,53.0,4487.0,55.5,12.369066191219076,2.5929435450859746,0.12172609621482441,0.8782739037851756,27,5
2021,동작구,1120066,사당4동,7.0,41.0,5.0,35.0,88.0,2681.0,90.0,33.56956359567326,3.542973630066559,0.32755707397512457,0.6724429260248754,273,2
2021,동작구,1120067,사당5동,11.0,9.0,3.0,7.0,30.0,2347.0,32.0,13.634426927993182,2.6833767617408983,0.1413191151100865,0.8586808848899135,33,5
2021,동작구,1120068,대방동,32.0,37.0,14.0,49.0,132.0,5813.0,152.0,26.148288319284365,3.301313999062278,0.27519974453768786,0.7248002554623121,200,3
2021,동작구,1120069,신대방1동,9.0,44.0,8.0,26.0,87.0,3920.0,86.0,21.93877551020408,3.1328287323430097,0.23869617719251193,0.7613038228074881,138,4
2021,동작구,1120070,신대방2동,26.0,17.0,11.0,17.0,71.0,3214.0,82.0,25.513378967019293,3.2776494722698466,0.27007265144355647,0.7299273485564435,194,3
2021,동작구,1120071,흑석동,22.0,49.0,21.0,37.0,129.0,5718.0,144.0,25.183630640083944,3.2651344307781174,0.2673611760201166,0.7326388239798833,186,3
2021,동작구,1120072,노량진1동,38.0,135.0,12.0,23.0,208.0,5869.0,164.0,27.94343158970864,3.3653432901830413,0.2890721595327929,0.710927840467207,218,3
2021,동작구,1120073,사당2동,22.0,59.0,16.0,66.0,163.0,5480.0,182.5,33.302919708029194,3.535230473232231,0.32587946232118037,0.6741205376788196,271,2
2021,관악구,1121052,보라매동,14.0,43.0,7.0,23.0,87.0,4482.0,84.0,18.741633199464523,2.9827297661181236,0.2061761365461044,0.7938238634538957,87,4
2021,관악구,1121054,청림동,6.0,16.0,4.0,8.0,34.0,2729.0,34.0,12.458776108464638,2.5996313920336864,0.12317506725071208,0.876824932749288,28,5
2021,관악구,1121057,행운동,32.0,51.0,14.0,51.0,148.0,4384.0,162.0,36.95255474452554,3.636336820272162,0.3477848931049082,0.6522151068950919,292,2
2021,관악구,1121058,낙성대동,23.0,13.0,10.0,34.0,80.0,2021.0,100.5,49.72785749628897,3.9264752172211184,0.41064550233606767,0.5893544976639323,350,1
2021,관악구,1121061,중앙동,18.0,15.0,13.0,54.0,100.0,2351.0,132.5,56.35899617184177,4.049329695647326,0.43726282510981407,0.5627371748901859,363,1
2021,관악구,1121062,인헌동,24.0,57.0,15.0,43.0,139.0,4023.0,147.0,36.53989560029829,3.6254042501288772,0.34541627169217537,0.6545837283078246,286,2
2021,관악구,1121063,남현동,21.0,17.0,8.0,26.0,72.0,2791.0,84.5,30.275886778932282,3.44284741019344,0.3058639949224249,0.6941360050775751,238,3
2021,관악구,1121064,서원동,27.0,27.0,7.0,31.0,92.0,3323.0,101.0,30.394222088474272,3.4466238660611035,0.30668219175218703,0.693317808247813,240,3
2021,관악구,1121065,신원동,10.0,69.0,7.0,16.0,102.0,3262.0,82.5,25.291232372777436,3.2692355137472644,0.268249705689609,0.7317502943103911,190,3
2021,관악구,1121066,서림동,24.0,23.0,5.0,15.0,67.0,3539.0,68.0,19.21446736366205,3.0063985541758322,0.2113041528745758,0.7886958471254242,98,4
2021,관악구,1121068,신사동,30.0,66.0,10.0,27.0,133.0,3604.0,123.5,34.26748057713652,3.5629613092365613,0.33188755109554635,0.6681124489044536,278,2
2021,관악구,1121069,신림동,37.0,48.0,22.0,58.0,165.0,1992.0,192.0,96.3855421686747,4.5786777619372465,0.5519499616358172,0.4480500383641828,400,1
2021,관악구,1121071,난향동,4.0,24.0,5.0,9.0,42.0,2721.0,39.5,14.516721793458286,2.7419182677956986,0.15400256126754824,0.8459974387324518,41,5
2021,관악구,1121072,조원동,19.0,62.0,11.0,32.0,124.0,2881.0,120.0,41.65220409580007,3.7530789512846905,0.3730779310328816,0.6269220689671184,321,2
2021,관악구,1121073,대학동,35.0,33.0,14.0,22.0,104.0,3055.0,112.5,36.824877250409166,3.6329670144717756,0.3470547999913095,0.6529452000086905,291,2
2021,관악구,1121078,은천동,19.0,51.0,8.0,29.0,107.0,5911.0,104.0,17.594315682625613,2.922855925550385,0.19320403035583167,0.8067959696441683,75,5
2021,관악구,1121079,성현동,9.0,17.0,3.0,20.0,49.0,5374.0,53.5,9.955340528470414,2.393827056861029,0.07858605032840871,0.9214139496715913,17,5
2021,관악구,1121080,청룡동,46.0,61.0,25.0,58.0,190.0,4552.0,213.5,46.90246045694201,3.8691668696308903,0.398229228993982,0.6017707710060181,342,1
2021,관악구,1121081,난곡동,15.0,39.0,11.0,32.0,97.0,5450.0,104.5,19.174311926605505,3.0044101083256174,0.21087334151392134,0.7891266584860787,97,4
2021,관악구,1121082,삼성동,7.0,70.0,8.0,12.0,97.0,5549.0,76.0,13.69616147053523,2.6875863352323788,0.14223115004603587,0.8577688499539642,35,5
2021,관악구,1121083,미성동,21.0,54.0,13.0,36.0,124.0,5877.0,128.0,21.77981963586864,3.125875040334866,0.23718960887672064,0.7628103911232793,136,4
2021,서초구,1122051,서초1동,39.0,33.0,16.0,77.0,165.0,3022.0,203.0,67.1740569159497,4.222064095353239,0.47468699824537663,0.5253130017546234,381,1
2021,서초구,1122052,서초2동,36.0,51.0,27.0,120.0,234.0,3217.0,295.5,91.85576624184021,4.531047388636602,0.5416304923236847,0.45836950767631535,397,1
2021,서초구,1122053,서초3동,70.0,45.0,28.0,102.0,245.0,4827.0,301.5,62.461155997513984,4.150428002149144,0.4591665138520553,0.5408334861479447,375,1
2021,서초구,1122054,서초4동,37.0,28.0,31.0,269.0,365.0,4297.0,516.5,120.20013963230161,4.797443225716247,0.5993471020229423,0.4006528979770577,408,1
2021,서초구,1122055,잠원동,25.0,29.0,13.0,93.0,160.0,3327.0,205.0,61.6170724376315,4.137037963569862,0.4562654638994342,0.5437345361005659,372,1
2021,서초구,1122056,반포본동,4.0,14.0,1.0,3.0,22.0,282.0,17.5,62.05673758865249,4.144034917742971,0.4577814052802004,0.5422185947197996,374,1
2021,서초구,1122057,반포1동,22.0,33.0,20.0,107.0,182.0,4044.0,239.0,59.09990108803166,4.0960081957499845,0.4473760641202512,0.5526239358797488,370,1
2021,서초구,1122058,반포2동,5.0,19.0,6.0,22.0,52.0,1980.0,59.5,30.050505050505052,3.4356150739639513,0.3042970562947525,0.6957029437052475,236,3
2021,서초구,1122059,반포3동,10.0,16.0,10.0,61.0,97.0,3085.0,129.5,41.9773095623987,3.7606722918236697,0.37472308388889564,0.6252769161111044,323,2
2021,서초구,1122060,반포4동,39.0,35.0,15.0,50.0,139.0,2865.0,161.5,56.36998254799302,4.04952121441281,0.43730431905340833,0.5626956809465917,364,1
2021,서초구,1122061,방배본동,17.0,20.0,12.0,31.0,80.0,3093.0,97.5,31.522793404461687,3.4819411790367614,0.31433394634035333,0.6856660536596466,254,3
2021,서초구,1122062,방배1동,21.0,23.0,11.0,58.0,113.0,2901.0,141.5,48.776284039986216,3.907538646503236,0.4065427555621395,0.5934572444378605,348,1
2021,서초구,1122063,방배2동,21.0,19.0,3.0,28.0,71.0,3523.0,78.5,22.28214589838206,3.1476867963806803,0.24191528561533768,0.7580847143846623,141,4
2021,서초구,1122064,방배3동,15.0,21.0,9.0,11.0,56.0,3398.0,60.0,17.657445556209534,2.9262452919545376,0.19393836141753582,0.8060616385824642,77,5
2021,서초구,1122065,방배4동,16.0,28.0,12.0,79.0,135.0,3559.0,172.5,48.468670974992975,3.9013395596067153,0.40519967797196194,0.594800322028038,346,1
2021,서초구,1122066,양재1동,48.0,34.0,17.0,70.0,169.0,6995.0,204.0,29.163688348820585,3.4066388283953866,0.29801914041451794,0.7019808595854821,232,3
2021,서초구,1122067,양재2동,53.0,64.0,13.0,34.0,164.0,2977.0,162.0,54.41719852200202,4.014889988211309,0.4298012101910836,0.5701987898089165,357,1
2021,서초구,1122068,내곡동,13.0,25.0,5.0,18.0,61.0,3286.0,62.5,19.02008520998174,2.9967360301208608,0.20921069625113858,0.7907893037488614,92,4
2021,강남구,1123051,신사동,39.0,42.0,47.0,373.0,501.0,3032.0,713.5,235.32321899736147,5.465200440040001,0.7440215944455287,0.25597840555447127,418,1
2021,강남구,1123052,논현1동,72.0,59.0,49.0,287.0,467.0,2966.0,630.0,212.4072825354012,5.363202464505616,0.721922985816474,0.27807701418352604,417,1
2021,강남구,1123053,논현2동,64.0,36.0,29.0,158.0,287.0,3155.0,377.0,119.49286846275754,4.791590568297654,0.5980790809170742,0.4019209190829258,407,1
2021,강남구,1123058,삼성1동,53.0,32.0,17.0,82.0,184.0,2154.0,226.0,104.92107706592387,4.66269426081075,0.5701527516153406,0.4298472483846594,402,1
2021,강남구,1123059,삼성2동,53.0,45.0,16.0,90.0,204.0,3652.0,242.5,66.40197152245345,4.210674268565434,0.4722193088307806,0.5277806911692193,380,1
2021,강남구,1123060,대치1동,18.0,34.0,16.0,89.0,157.0,2533.0,200.5,79.15515199368338,4.383964156386902,0.5097638325360426,0.4902361674639574,388,1
2021,강남구,1123063,대치4동,53.0,39.0,19.0,87.0,198.0,2105.0,241.0,114.4893111638955,4.7491779816438475,0.5888900833070934,0.41110991669290664,405,1
2021,강남구,1123064,역삼1동,173.0,88.0,70.0,441.0,772.0,3706.0,1018.5,274.8246087425796,5.619765188146604,0.7775091794525938,0.2224908205474062,420,1
2021,강남구,1123065,역삼2동,54.0,56.0,30.0,106.0,246.0,3665.0,301.0,82.12824010914052,4.420384476972944,0.5176545618035497,0.48234543819645026,389,1
2021,강남구,1123066,도곡1동,23.0,20.0,18.0,66.0,127.0,2974.0,168.0,56.489576328177534,4.051603650120787,0.43775549400530955,0.5622445059946904,366,1
2021,강남구,1123067,도곡2동,17.0,17.0,7.0,29.0,70.0,4895.0,83.0,16.956077630234937,2.887928644269381,0.18563677899165515,0.8143632210083449,66,5
2021,강남구,1123068,개포1동,1.0,9.0,1.0,5.0,16.0,1620.0,15.0,9.25925925925926,2.3281806401830094,0.06436327323438329,0.9356367267656167,10,5
2021,강남구,1123071,개포4동,27.0,29.0,9.0,34.0,99.0,3240.0,110.5,34.10493827160494,3.5583418120744157,0.33088670319327723,0.6691132968067228,276,2
2021,강남구,1123072,일원본동,12.0,17.0,15.0,15.0,59.0,3088.0,73.0,23.639896373056995,3.2043669330175546,0.25419545245215286,0.7458045475478472,155,4
2021,강남구,1123073,일원1동,10.0,22.0,13.0,31.0,76.0,3298.0,93.5,28.350515463917525,3.379310108774655,0.29209817310053304,0.707901826899467,226,3
2021,강남구,1123074,일원2동,6.0,13.0,7.0,23.0,49.0,3420.0,61.0,17.83625730994152,2.935783592828539,0.1960049041787661,0.8039950958212339,80,5
2021,강남구,1123075,수서동,19.0,10.0,11.0,36.0,76.0,4645.0,100.0,21.528525296017225,3.114782297176139,0.23478628480677685,0.7652137151932231,132,4
2021,강남구,1123076,세곡동,20.0,37.0,9.0,31.0,97.0,6564.0,103.0,15.691651432053625,2.814908680175635,0.16981646883195642,0.8301835311680436,47,5
2021,강남구,1123077,압구정동,46.0,48.0,36.0,307.0,437.0,5173.0,602.5,116.47013338488304,4.766184117315554,0.5925745871860449,0.40742541281395506,406,1
2021,강남구,1123078,청담동,59.0,41.0,28.0,240.0,368.0,3733.0,495.5,132.7350656308599,4.895860720707112,0.6206699733119112,0.3793300266880888,412,1
2021,강남구,1123079,대치2동,47.0,52.0,17.0,75.0,191.0,4968.0,219.5,44.18276972624799,3.810715813415985,0.38556537945696223,0.6144346205430378,332,2
2021,강남구,1123080,개포2동,17.0,34.0,9.0,37.0,97.0,3640.0,107.5,29.532967032967033,3.418806986203126,0.30065546094657747,0.6993445390534225,234,3
2021,송파구,1124051,풍납1동,8.0,32.0,6.0,15.0,61.0,2737.0,58.5,21.37376689806357,3.1078891519411993,0.23329283439296133,0.7667071656070387,129,4
2021,송파구,1124052,풍납2동,13.0,27.0,29.0,27.0,96.0,3821.0,125.0,32.7139492279508,3.517911675393608,0.3221272178932267,0.6778727821067734,267,2
2021,송파구,1124053,거여1동,14.0,24.0,3.0,12.0,53.0,2414.0,50.0,20.712510356255176,3.0778886085391384,0.22679299688317056,0.7732070031168294,121,4
2021,송파구,1124054,거여2동,10.0,21.0,14.0,40.0,85.0,3550.0,108.5,30.563380281690144,3.4519975967596115,0.3078464498755674,0.6921535501244326,243,3
2021,송파구,1124055,마천1동,15.0,28.0,8.0,17.0,68.0,4211.0,70.5,16.741866540014247,2.8759271878073505,0.18303657552738495,0.816963424472615,64,5
2021,송파구,1124056,마천2동,12.0,73.0,14.0,34.0,133.0,4058.0,127.5,31.419418432725482,3.4787575776125634,0.31364419576897523,0.6863558042310247,251,3
2021,송파구,1124057,방이1동,18.0,19.0,9.0,32.0,78.0,2246.0,93.5,41.62956366874443,3.7525479954149663,0.37296289555396295,0.627037104446037,319,2
2021,송파구,1124058,방이2동,37.0,54.0,20.0,62.0,173.0,3544.0,197.0,55.58690744920993,4.035777641299431,0.4343266732540074,0.5656733267459926,359,1
2021,송파구,1124059,오륜동,10.0,21.0,6.0,13.0,50.0,2856.0,52.0,18.207282913165265,2.955289525504725,0.20023100739206384,0.7997689926079361,84,5
2021,송파구,1124060,오금동,34.0,54.0,12.0,34.0,134.0,6393.0,136.0,21.2732676364774,3.1033871986816552,0.23231745323830869,0.7676825467616913,128,4
2021,송파구,1124061,송파1동,33.0,25.0,13.0,44.0,115.0,3460.0,137.5,39.73988439306358,3.7072075731182363,0.3631395609028381,0.636860439097162,305,2
2021,송파구,1124062,송파2동,12.0,24.0,12.0,34.0,82.0,2902.0,99.0,34.114403859407304,3.558611412659452,0.330945114135099,0.669054885864901,277,2
2021,송파구,1124063,석촌동,46.0,71.0,29.0,84.0,230.0,4493.0,265.5,59.09192076563543,4.0958754026483435,0.44734729352194835,0.5526527064780516,369,1
2021,송파구,1124064,삼전동,35.0,34.0,17.0,51.0,137.0,3988.0,162.5,40.74724172517553,3.731633382651518,0.36843159147987503,0.631568408520125,314,2
2021,송파구,1124065,가락본동,36.0,48.0,21.0,56.0,161.0,3811.0,186.0,48.8060876410391,3.9081372183476226,0.4066724405373184,0.5933275594626817,349,1
2021,송파구,1124066,가락1동,9.0,68.0,13.0,20.0,110.0,3460.0,99.0,28.612716763005782,3.3882038894414235,0.2940250758371596,0.7059749241628404,228,3
2021,송파구,1124067,가락2동,18.0,46.0,17.0,59.0,140.0,4280.0,163.5,38.20093457943925,3.668700587824443,0.35479674043964726,0.6452032595603527,296,2
2021,송파구,1124068,문정1동,16.0,23.0,5.0,17.0,61.0,2965.0,63.0,21.24789207419899,3.102247265886051,0.23207047844707876,0.7679295215529213,127,4
2021,송파구,1124069,문정2동,59.0,55.0,18.0,70.0,202.0,4003.0,227.5,56.83237571821134,4.057548752395168,0.43904354396642836,0.5609564560335716,368,1
2021,송파구,1124071,잠실본동,51.0,75.0,25.0,120.0,271.0,3783.0,318.5,84.19243986254295,4.444912695890463,0.5229687801239251,0.4770312198760749,390,1
2021,송파구,1124075,잠실4동,3.0,14.0,9.0,11.0,37.0,2802.0,44.5,15.881513204853675,2.8262191299872557,0.17226696064315236,0.8277330393568476,52,5
2021,송파구,1124077,잠실6동,24.0,27.0,24.0,68.0,143.0,2832.0,187.5,66.20762711864407,4.20778673987795,0.4715937045868182,0.5284062954131818,379,1
2021,송파구,1124078,잠실7동,3.0,13.0,3.0,5.0,24.0,2156.0,23.0,10.667903525046382,2.456841783634506,0.09223865252505176,0.9077613474749482,20,5
2021,송파구,1124079,잠실2동,19.0,28.0,15.0,53.0,115.0,3706.0,142.5,38.45116028062601,3.6750634582820885,0.3561753029382086,0.6438246970617914,298,2
2021,송파구,1124080,잠실3동,16.0,27.0,13.0,31.0,87.0,5796.0,102.0,17.598343685300208,2.923072527576634,0.1932509587716287,0.8067490412283713,76,5
2021,송파구,1124081,장지동,24.0,36.0,11.0,35.0,106.0,4362.0,116.5,26.707932141219622,3.3217187310892067,0.27962057921486067,0.7203794207851393,205,3
2021,송파구,1124082,위례동,20.0,25.0,6.0,19.0,70.0,3062.0,73.0,23.840627041149578,3.2124804999491525,0.25595331616726724,0.7440466838327328,159,4
2021,강동구,1125051,강일동,22.0,32.0,10.0,29.0,93.0,5321.0,101.5,19.075361774102614,2.9994932807963552,0.20980807480939645,0.7901919251906036,94,4
2021,강동구,1125052,상일동,26.0,39.0,9.0,26.0,100.0,1500.0,102.5,68.33333333333333,4.238925791033208,0.47834020814196176,0.5216597918580382,383,1
2021,강동구,1125053,명일1동,18.0,64.0,17.0,79.0,178.0,4033.0,202.5,50.21076121993553,3.93594969003759,0.4126982162810346,0.5873017837189654,351,1
2021,강동구,1125054,명일2동,17.0,22.0,22.0,49.0,110.0,2590.0,145.5,56.17760617760618,4.046162321337966,0.4365765902617443,0.5634234097382558,362,1
2021,강동구,1125055,고덕1동,9.0,22.0,2.0,11.0,44.0,2856.0,40.5,14.180672268907564,2.7200230574761655,0.14925880354915028,0.8507411964508498,37,5
2021,강동구,1125056,고덕2동,12.0,34.0,9.0,30.0,85.0,2998.0,92.0,30.68712474983322,3.455910439066946,0.3086941958266412,0.6913058041733589,244,3
2021,강동구,1125058,암사2동,7.0,27.0,7.0,28.0,69.0,2379.0,76.5,32.15636822194199,3.5012348014084123,0.3185140509708041,0.6814859490291959,261,2
2021,강동구,1125059,암사3동,4.0,20.0,5.0,12.0,41.0,2670.0,42.0,15.730337078651687,2.817223662951869,0.17031802680981806,0.8296819731901819,49,5
2021,강동구,1125061,천호1동,20.0,55.0,15.0,31.0,121.0,5228.0,124.0,23.718439173680185,3.207549490372769,0.25488497681833683,0.7451150231816632,157,4
2021,강동구,1125063,천호3동,26.0,45.0,16.0,44.0,131.0,4651.0,146.5,31.49860245108579,3.481197086906048,0.31417273332907103,0.685827266670929,253,3
2021,강동구,1125065,성내1동,20.0,34.0,9.0,30.0,93.0,3113.0,100.0,32.123353678124,3.500238582788237,0.3182982129085202,0.6817017870914799,259,2
2021,강동구,1125066,성내2동,20.0,61.0,12.0,44.0,137.0,4371.0,140.5,32.14367421642645,3.500851875388947,0.31843108724339964,0.6815689127566004,260,2
2021,강동구,1125067,성내3동,24.0,63.0,17.0,83.0,187.0,3849.0,214.0,55.59885684593401,4.03598878793687,0.4343724197198531,0.5656275802801469,360,1
2021,강동구,1125070,둔촌1동,24.0,9.0,0.0,1.0,34.0,39.0,30.0,769.2307692307693,6.646690170246266,1.0,0.0,425,1
2021,강동구,1125071,둔촌2동,21.0,36.0,17.0,23.0,97.0,4118.0,107.5,26.104905293831955,3.299714718658308,0.2748532487219592,0.7251467512780407,199,3
2021,강동구,1125072,암사1동,27.0,79.0,9.0,31.0,146.0,6063.0,131.0,21.60646544614877,3.1182359470526757,0.23553454335370885,0.7644654566462912,134,4
2021,강동구,1125073,천호2동,46.0,67.0,26.0,102.0,241.0,5913.0,284.5,48.11432437003213,3.894150730950208,0.40364216557870924,0.5963578344212908,345,1
2021,강동구,1125074,길동,49.0,113.0,33.0,107.0,302.0,7986.0,332.0,41.572752316553974,3.751214431650815,0.37267396919487134,0.6273260308051287,318,2
2021,구로구,1117073,오류2동,26.0,46.0,9.0,28.0,109.0,7128.0,109.0,15.291806958473625,2.7906623408621516,0.1645633217928242,0.8354366782071758,45,5
