year,gu,dong,dong_key,total_population,elderly_population,elderly_alone,elderly_ratio,elderly_alone_ratio,elderly_ratio_score,elderly_alone_score,IVI,IVI_rank,IVI_grade
2021,종로구,청운효자동,종로구_청운효자동,12177.0,2165.0,514,0.17779420218444608,0.2374133949191686,0.4255447665615384,0.3734239228952876,0.399484344728413,186,C
2021,종로구,사직동,종로구_사직동,9636.0,1774.0,490,0.18410128684101287,0.2762119503945885,0.45246664002233505,0.4344495815074924,0.4434581107649137,116,B
2021,종로구,삼청동,종로구_삼청동,2739.0,625.0,189,0.22818546914932458,0.3024,0.6406405495783708,0.475640366972477,0.5581404582754239,30,A
2021,종로구,부암동,종로구_부암동,9782.0,1802.0,418,0.1842159067675322,0.23196448390677027,0.45295589667986635,0.36485341352512385,0.4089046551024951,166,B
2021,종로구,평창동,종로구_평창동,18329.0,3435.0,703,0.1874079327841126,0.20465793304221253,0.4665811015377836,0.3219033544180774,0.3942422279779305,194,C
2021,종로구,무악동,종로구_무악동,8297.0,1424.0,291,0.17162829938531998,0.20435393258426968,0.399225529708294,0.32142519671511527,0.3603253632117046,242,C
2021,종로구,교남동,종로구_교남동,10203.0,1624.0,414,0.15916887190042145,0.25492610837438423,0.34604230030718436,0.400969403895693,0.3735058521014387,226,C
2021,종로구,가회동,종로구_가회동,4194.0,865.0,243,0.20624701955174057,0.2809248554913295,0.5469959901419792,0.4418624383518057,0.49442921424689246,60,A
2021,종로구,종로1.2.3.4가동,종로구_종로1.2.3.4가동,8595.0,1960.0,1215,0.2280395578824898,0.6198979591836735,0.6400177254248784,0.9750280846283468,0.8075229050266126,4,A
2021,종로구,종로5.6가동,종로구_종로5.6가동,5476.0,1057.0,446,0.19302410518626734,0.4219489120151372,0.49055380699170587,0.6636770349025042,0.577115420947105,24,A
2021,종로구,이화동,종로구_이화동,7705.0,1360.0,430,0.1765087605451006,0.3161764705882353,0.42005784208849095,0.49730916831564426,0.4586835052020676,95,B
2021,종로구,혜화동,종로구_혜화동,18960.0,2695.0,708,0.14214135021097046,0.262708719851577,0.2733601009653567,0.41321055528132855,0.3432853281233426,273,D
2021,종로구,창신1동,종로구_창신1동,5631.0,1231.0,602,0.21861125910140294,0.4890333062550772,0.5997729085948516,0.7691930596856107,0.6844829841402311,10,A
2021,종로구,창신2동,종로구_창신2동,9051.0,1752.0,587,0.1935697712959894,0.3350456621004566,0.4928829899276741,0.5269882330489343,0.5099356114883042,51,A
2021,종로구,창신3동,종로구_창신3동,6733.0,1201.0,285,0.17837516708747958,0.2373022481265612,0.4280246228590668,0.3732491017933577,0.4006368623262122,184,C
2021,종로구,숭인1동,종로구_숭인1동,6106.0,1192.0,378,0.19521781853914183,0.31711409395973156,0.49991770116963735,0.4987839418755003,0.4993508215225688,57,A
2021,종로구,숭인2동,종로구_숭인2동,10175.0,1656.0,660,0.16275184275184276,0.39855072463768115,0.3613362583128463,0.6268743813618165,0.4941053198373314,61,A
2021,중구,소공동,중구_소공동,3367.0,292.0,79,0.08672408672408673,0.2705479452054795,0.03681078596858684,0.42554075377375616,0.2311757698711715,395,E
2021,중구,회현동,중구_회현동,5432.0,1373.0,578,0.25276141384388806,0.42097596504005824,0.7455432913796404,0.6621467013830885,0.7038449963813644,8,A
2021,중구,명동,중구_명동,3742.0,764.0,215,0.20416889363976484,0.281413612565445,0.5381254824693791,0.44263119693015457,0.49037833969976685,62,A
2021,중구,필동,중구_필동,4679.0,901.0,355,0.19256251335755503,0.3940066592674806,0.4885834962253533,0.6197270899589424,0.5541552930921478,32,A
2021,중구,장충동,중구_장충동,5301.0,861.0,267,0.1624221844934918,0.31010452961672474,0.3599291077195226,0.4877587045857352,0.4238439061526289,138,B
2021,중구,광희동,중구_광희동,6340.0,1123.0,443,0.17712933753943216,0.39447907390917186,0.422706783116527,0.6204701437735496,0.5215884634450383,46,A
2021,중구,을지로동,중구_을지로동,1914.0,472.0,274,0.24660397074190177,0.5805084745762712,0.7192601648544343,0.9130729625598231,0.8161665637071287,2,A
2021,중구,신당동,중구_신당동,9095.0,1471.0,561,0.1617372182517867,0.3813732154996601,0.35700532034576304,0.5998561381406478,0.4784307292432054,74,A
2021,중구,다산동,중구_다산동,14274.0,2762.0,713,0.19349866890850498,0.25814627081824765,0.4925794884554649,0.406034348493941,0.44930691847470294,111,B
2021,중구,약수동,중구_약수동,16889.0,3823.0,1097,0.22636035289241518,0.2869474234894062,0.6328500169321031,0.45133524408170617,0.5420926305069046,36,A
2021,중구,청구동,중구_청구동,13818.0,2721.0,783,0.1969170646982197,0.28776185226019846,0.5071709556547835,0.45261624672526624,0.4798936011900249,72,A
2021,중구,신당5동,중구_신당5동,10708.0,1824.0,586,0.17033993276055287,0.32127192982456143,0.39372611989666567,0.5053237387556557,0.4495249293261607,109,B
2021,중구,동화동,중구_동화동,10433.0,1894.0,357,0.18153934630499377,0.18848996832101372,0.4415309632904587,0.2964730082765792,0.36900198578351895,233,C
2021,중구,황학동,중구_황학동,13444.0,2034.0,649,0.1512942576614103,0.3190757128810226,0.31242940629370114,0.501869342482587,0.407149374388144,170,B
2021,중구,중림동,중구_중림동,12351.0,2077.0,596,0.1681645210914096,0.28695233509870005,0.3844403466954391,0.4513429694773641,0.4178916580864016,147,B
2021,용산구,후암동,용산구_후암동,17308.0,3026.0,967,0.17483244742315693,0.3195637805684071,0.4129024775727075,0.5026370167350175,0.4577697471538625,97,B
2021,용산구,용산2가동,용산구_용산2가동,10775.0,2041.0,586,0.18941995359628772,0.2871141597256247,0.4751694387261024,0.4515975009751671,0.4633834698506347,88,B
2021,용산구,남영동,용산구_남영동,7825.0,1543.0,981,0.19718849840255592,0.6357744653272845,0.5083295739767251,1.0,0.7541647869883625,6,A
2021,용산구,청파동,용산구_청파동,20076.0,3295.0,1037,0.16412631998406058,0.31471927162367225,0.36720323238017344,0.4950171621970706,0.431110197288622,130,B
2021,용산구,원효로1동,용산구_원효로1동,16577.0,1980.0,546,0.11944260119442601,0.27575757575757576,0.17647019350144832,0.43373490254224195,0.3051025480218451,323,D
2021,용산구,원효로2동,용산구_원효로2동,13875.0,2302.0,547,0.16590990990990992,0.237619461337967,0.37481650933843863,0.37374804163555864,0.37428227548699866,225,C
2021,용산구,효창동,용산구_효창동,10156.0,1489.0,327,0.14661283970066954,0.2196104768300873,0.29244671241548575,0.34542198343407204,0.3189343479247789,304,D
2021,용산구,용문동,용산구_용문동,11985.0,2148.0,507,0.17922403003754694,0.2360335195530726,0.431648005479035,0.37125353789030685,0.4014507716846709,183,C
2021,용산구,한강로동,용산구_한강로동,23411.0,3239.0,907,0.138353765323993,0.28002469898116705,0.25719274526908176,0.44044659584907314,0.3488196705590775,266,D
2021,용산구,이촌1동,용산구_이촌1동,26632.0,4342.0,864,0.16303694803244217,0.19898664210041456,0.3625532339371248,0.312983067034597,0.3377681504858609,282,D
2021,용산구,이촌2동,용산구_이촌2동,8374.0,1793.0,445,0.21411511822307142,0.24818739542665924,0.5805810723694841,0.3903701846517178,0.48547562851060094,65,A
2021,용산구,이태원1동,용산구_이태원1동,8126.0,1393.0,398,0.17142505537779965,0.2857142857142857,0.3983579800002953,0.4493956604048347,0.423876820202565,137,B
2021,용산구,이태원2동,용산구_이태원2동,10604.0,1851.0,521,0.17455677102980008,0.2814694759589411,0.4117257492771146,0.4427190636132988,0.4272224064452067,134,B
2021,용산구,한남동,용산구_한남동,22941.0,3759.0,1125,0.1638551065777429,0.29928172386272944,0.3660455544032093,0.47073567779836034,0.4183906161007848,146,B
2021,용산구,서빙고동,용산구_서빙고동,13912.0,2161.0,531,0.15533352501437608,0.24571957427117075,0.32967107189234657,0.3864885862389566,0.3580798290656516,247,C
2021,용산구,보광동,용산구_보광동,14708.0,2708.0,881,0.1841174870818602,0.32533234859675036,0.4525357909625674,0.5117103097704239,0.4821230503664956,70,A
2021,성동구,왕십리2동,성동구_왕십리2동,16819.0,2552.0,622,0.15173315892740352,0.24373040752351097,0.3143028620959077,0.38335985607418693,0.3488313590850473,265,D
2021,성동구,왕십리도선동,성동구_왕십리도선동,26910.0,3801.0,928,0.14124860646599777,0.24414627729544858,0.2695494125976259,0.38401397132199505,0.32678169195981044,294,D
2021,성동구,마장동,성동구_마장동,22991.0,3925.0,1020,0.17071897699099647,0.25987261146496815,0.39534407515867775,0.4087496834764993,0.40204687931758853,179,C
2021,성동구,사근동,성동구_사근동,13505.0,1508.0,406,0.11166234727878563,0.2692307692307692,0.14326007776411565,0.42346898768917113,0.2833645327266434,356,E
2021,성동구,행당1동,성동구_행당1동,14193.0,2135.0,496,0.1504262664693863,0.2323185011709602,0.3087243745224174,0.3654102419029476,0.3370673082126825,284,D
2021,성동구,행당2동,성동구_행당2동,23376.0,3837.0,820,0.16414271047227927,0.2137086265311441,0.3672731953938021,0.3361390527396079,0.351706124066705,261,D
2021,성동구,응봉동,성동구_응봉동,15458.0,2548.0,522,0.16483374304567214,0.20486656200941916,0.3702228769838219,0.3222315037518183,0.3462271903678201,270,D
2021,성동구,금호1가동,성동구_금호1가동,15315.0,2637.0,676,0.17218413320274242,0.2563519150549867,0.4015981136377484,0.40321203356762947,0.40240507360268896,178,C
2021,성동구,금호2.3가동,성동구_금호2.3가동,22909.0,3887.0,891,0.16967130821947707,0.2292256238744533,0.39087208728607054,0.36054550217969566,0.3757087947328831,220,C
2021,성동구,금호4가동,성동구_금호4가동,14452.0,2406.0,613,0.1664821477996125,0.25477971737323357,0.37725911426526587,0.40073914771345504,0.38899913098936045,201,C
2021,성동구,옥수동,성동구_옥수동,26309.0,4097.0,799,0.15572617735375727,0.1950207468879668,0.3313471135455848,0.30674517069126683,0.31904614211842586,303,D
2021,성동구,성수1가1동,성동구_성수1가1동,16814.0,2292.0,531,0.13631497561555847,0.23167539267015708,0.2484901446964859,0.36439870630994126,0.3064444255032136,320,D
2021,성동구,성수1가2동,성동구_성수1가2동,12874.0,1943.0,410,0.15092434363834084,0.2110138960370561,0.3108504234414445,0.33190055207459485,0.32137548775801966,300,D
2021,성동구,성수2가1동,성동구_성수2가1동,16279.0,2899.0,818,0.1780821917808219,0.2821662642290445,0.4267740539254845,0.4438150313001179,0.4352945426128012,123,B
2021,성동구,성수2가3동,성동구_성수2가3동,10985.0,1913.0,437,0.17414656349567592,0.2284370099320439,0.4099747730451946,0.3593051032876083,0.3846399381664014,208,C
2021,성동구,송정동,성동구_송정동,10915.0,1820.0,535,0.16674301420064133,0.29395604395604397,0.37837262591463927,0.46235899676266645,0.42036581133865286,142,B
2021,성동구,용답동,성동구_용답동,12568.0,2180.0,707,0.17345639719923617,0.32431192660550456,0.4070287891696948,0.5101053035191575,0.45856704634442613,96,B
2021,광진구,화양동,광진구_화양동,26034.0,2328.0,671,0.08942152569716524,0.28823024054982815,0.04832483955368194,0.4533529675518704,0.25083890355277616,381,E
2021,광진구,군자동,광진구_군자동,21500.0,3015.0,853,0.1402325581395349,0.28291873963515757,0.26521239700887717,0.4449985884373579,0.35510549272311753,253,C
2021,광진구,중곡1동,광진구_중곡1동,15862.0,2537.0,666,0.159941999747825,0.2625147812376823,0.3493424066495252,0.4129055121811863,0.38112395941535576,213,C
2021,광진구,중곡2동,광진구_중곡2동,21739.0,3291.0,766,0.15138690832144994,0.23275600121543605,0.3128248868495312,0.3660983790778979,0.33946163296371457,278,D
2021,광진구,중곡3동,광진구_중곡3동,16357.0,2863.0,852,0.17503209635018646,0.29758994062172545,0.41375468163254625,0.4680746976343755,0.44091468963346087,117,B
2021,광진구,중곡4동,광진구_중곡4동,28954.0,5150.0,1236,0.17786834288872003,0.24,0.4258612371287567,0.37749235474006115,0.4016767959344089,182,C
2021,광진구,능동,광진구_능동,11619.0,1637.0,366,0.14088992168000689,0.2235797189981674,0.26801836189090905,0.3516651441530808,0.3098417530219949,316,D
2021,광진구,광장동,광진구_광장동,34834.0,3805.0,562,0.10923235918929781,0.14770039421813402,0.13288764177844667,0.2323157067059947,0.18260167424222068,415,E
2021,광진구,자양1동,광진구_자양1동,23134.0,3479.0,977,0.15038471513789228,0.28082782408738144,0.30854701211973506,0.4417098191303053,0.3751284156250202,224,C
2021,광진구,자양2동,광진구_자양2동,24930.0,4022.0,803,0.1613317288407541,0.19965191447041272,0.35527448348405294,0.3140294638408224,0.3346519736624377,287,D
2021,광진구,자양3동,광진구_자양3동,28330.0,4262.0,764,0.1504412283798094,0.17925856405443455,0.3087882396330153,0.28195307271762743,0.2953706561753214,341,E
2021,광진구,자양4동,광진구_자양4동,21296.0,3732.0,1075,0.17524417731029301,0.28804930332261525,0.4146599519883973,0.45306837413536727,0.43386416306188225,126,B
2021,광진구,구의1동,광진구_구의1동,22139.0,3120.0,802,0.14092777451556077,0.257051282051282,0.2681799372152315,0.4043120572937086,0.33624599725447,285,D
2021,광진구,구의2동,광진구_구의2동,27008.0,4355.0,1008,0.16124851895734596,0.2314580941446613,0.35491930100692076,0.36405692075964563,0.3594881108832832,244,C
2021,광진구,구의3동,광진구_구의3동,28891.0,4127.0,758,0.14284725346993873,0.18366852435182943,0.2763732582715173,0.28888943228835146,0.2826313452799344,357,E
2021,동대문구,용신동,동대문구_용신동,33055.0,5732.0,1973,0.17340795643624263,0.3442079553384508,0.4068220191384255,0.5413994649207232,0.4741107420295744,78,A
2021,동대문구,제기동,동대문구_제기동,26577.0,5787.0,1931,0.21774466644090756,0.3336789355451875,0.5960738464737143,0.5248385296087913,0.5604561880412529,29,A
2021,동대문구,전농1동,동대문구_전농1동,29699.0,5651.0,1852,0.19027576686083705,0.32772960537957885,0.47882248885446554,0.515480918553201,0.49715170370383327,59,A
2021,동대문구,전농2동,동대문구_전농2동,18876.0,3662.0,803,0.19400296673023945,0.2192790824685964,0.4947320903123553,0.3449007382762938,0.4198164142943246,144,B
2021,동대문구,답십리1동,동대문구_답십리1동,29373.0,4070.0,944,0.13856262554046234,0.23194103194103194,0.2580842678385351,0.3648165262844162,0.31145039706147565,312,D
2021,동대문구,답십리2동,동대문구_답십리2동,28595.0,5562.0,1306,0.1945095296380486,0.2348076231571377,0.4968943607188215,0.3693253440687701,0.4331098523937958,127,B
2021,동대문구,장안1동,동대문구_장안1동,38794.0,6516.0,1492,0.16796411816260245,0.22897483118477593,0.38358492416913736,0.3601510341672877,0.37186797916821257,228,C
2021,동대문구,장안2동,동대문구_장안2동,32791.0,5211.0,1209,0.15891555609770974,0.23200921128382268,0.34496101848561816,0.3649237645371441,0.35494239151138113,255,C
2021,동대문구,청량리동,동대문구_청량리동,19280.0,5226.0,1849,0.27105809128630703,0.3538078836586299,0.8236428986752159,0.5564990463662242,0.69007097252072,9,A
2021,동대문구,회기동,동대문구_회기동,12727.0,1549.0,456,0.12170975092323406,0.29438347320852165,0.18614755181185258,0.46303129374184393,0.32458942277684827,298,D
2021,동대문구,휘경1동,동대문구_휘경1동,16105.0,2106.0,500,0.13076684259546725,0.23741690408357075,0.22480786623601734,0.37342944240667647,0.2991186543213469,335,D
2021,동대문구,휘경2동,동대문구_휘경2동,24847.0,3992.0,908,0.16066325914597335,0.22745490981963928,0.3524211118368962,0.3577603729375162,0.35509074238720617,254,C
2021,동대문구,이문1동,동대문구_이문1동,20870.0,3157.0,831,0.15126976521322472,0.26322458029775103,0.312324859957842,0.4140219443419264,0.3631734021498842,241,C
2021,동대문구,이문2동,동대문구_이문2동,20417.0,3990.0,986,0.1954253808101092,0.24711779448621554,0.5008036834417163,0.3886878255782167,0.4447457545099665,114,B
2021,중랑구,면목2동,중랑구_면목2동,24405.0,4566.0,1455,0.18709280885064536,0.31865965834428384,0.4652359909005828,0.5012149366210294,0.4832254637608061,68,A
2021,중랑구,면목4동,중랑구_면목4동,19308.0,3826.0,1045,0.1981562046819971,0.2731312075274438,0.5124602409046232,0.42960392784387946,0.4710320843742513,83,A
2021,중랑구,면목5동,중랑구_면목5동,14897.0,2225.0,527,0.1493589313284554,0.23685393258426965,0.30416844049440567,0.37254395308616517,0.3383561967902854,280,D
2021,중랑구,면목본동,중랑구_면목본동,34188.0,6099.0,1889,0.17839592839592838,0.30972290539432695,0.42811324277609253,0.4871584536426569,0.45763584820937475,98,B
2021,중랑구,면목7동,중랑구_면목7동,22070.0,4315.0,1063,0.19551427276846398,0.24634994206257244,0.5011831199301766,0.38748008216365876,0.4443316010469177,115,B
2021,중랑구,면목3.8동,중랑구_면목3.8동,25154.0,5013.0,1443,0.19929235906814025,0.28785158587672055,0.5173099307821528,0.4527573873677674,0.4850336590749601,67,A
2021,중랑구,상봉1동,중랑구_상봉1동,24190.0,3796.0,958,0.156924348904506,0.2523709167544784,0.33646152450247574,0.3969503818064834,0.36670595315447957,237,C
2021,중랑구,상봉2동,중랑구_상봉2동,20647.0,3044.0,955,0.1474306194604543,0.31373193166885677,0.29593741603063434,0.49346419017843624,0.39470080310453526,193,C
2021,중랑구,중화1동,중랑구_중화1동,19784.0,3701.0,864,0.1870703598867772,0.23345041880572817,0.46514016720429624,0.3671906179584491,0.41616539258137264,149,B
2021,중랑구,중화2동,중랑구_중화2동,25315.0,5043.0,1676,0.1992099545723879,0.33234186000396587,0.5169581861127777,0.5227354637982867,0.5198468249555321,47,A
2021,중랑구,묵1동,중랑구_묵1동,34636.0,5945.0,1113,0.17164222196558493,0.1872161480235492,0.39928495842449974,0.2944694356782226,0.34687719705136116,268,D
2021,중랑구,묵2동,중랑구_묵2동,18946.0,3612.0,962,0.190647102290721,0.2663344407530454,0.48040753900032607,0.41891339661768506,0.4496604678090056,108,B
2021,중랑구,망우본동,중랑구_망우본동,32469.0,6205.0,1810,0.1911053620376359,0.29170024174053183,0.48236362673188593,0.4588108797203268,0.4705872532261064,84,A
2021,중랑구,망우3동,중랑구_망우3동,16698.0,3394.0,1106,0.2032578751946341,0.3258691809074838,0.5342367883046788,0.5125546851582543,0.5233957367314666,45,A
2021,중랑구,신내1동,중랑구_신내1동,38649.0,6797.0,1260,0.17586483479520815,0.18537590113285274,0.4173092365915434,0.29157493929458894,0.3544420879430662,256,D
2021,중랑구,신내2동,중랑구_신내2동,20529.0,4101.0,1134,0.1997661844220371,0.2765179224579371,0.5193324605109788,0.4349308403186513,0.4771316504148151,76,A
2021,성북구,성북동,성북구_성북동,17026.0,3076.0,793,0.1806648654998238,0.25780234070221064,0.43779823052046657,0.40549338603823754,0.42164580827935205,141,B
2021,성북구,삼선동,성북구_삼선동,23413.0,3948.0,1068,0.16862426856874385,0.270516717325228,0.38640278482377877,0.4254916359152158,0.4059472103694973,172,C
2021,성북구,동선동,성북구_동선동,16115.0,2280.0,678,0.14148309028855105,0.29736842105263156,0.2705503098652423,0.4677262728687161,0.3691382913669792,232,C
2021,성북구,돈암1동,성북구_돈암1동,14791.0,2882.0,679,0.19484821851125683,0.2356002775850104,0.49834005860993796,0.37057209817907344,0.43445607839450573,124,B
2021,성북구,돈암2동,성북구_돈암2동,23913.0,3495.0,574,0.1461548111905658,0.1642346208869814,0.29049161172128285,0.2583221407019493,0.2744068762116161,364,E
2021,성북구,안암동,성북구_안암동,16527.0,2112.0,621,0.12779088763840987,0.2940340909090909,0.212104963525569,0.46248175562969135,0.3372933595776302,283,D
2021,성북구,보문동,성북구_보문동,15766.0,2415.0,705,0.15317772421666878,0.2919254658385093,0.320469007952689,0.45916513128320063,0.3898170696179448,200,C
2021,성북구,정릉1동,성북구_정릉1동,18377.0,3118.0,637,0.16966860749850357,0.20429762668377166,0.39086055922322366,0.3213366340194288,0.35609859662132626,252,C
2021,성북구,정릉2동,성북구_정릉2동,23268.0,4448.0,998,0.19116383015299984,0.2243705035971223,0.4826131986480771,0.3529089572378794,0.41776107794297823,148,B
2021,성북구,정릉3동,성북구_정릉3동,16210.0,3279.0,974,0.20228254164096238,0.2970417810308021,0.5300735642568329,0.4672125057395796,0.4986430349982063,58,A
2021,성북구,정릉4동,성북구_정릉4동,25322.0,4855.0,1161,0.19173051101808705,0.23913491246138002,0.48503208334255293,0.3761316716900197,0.4305818775162863,132,B
2021,성북구,길음1동,성북구_길음1동,35615.0,4615.0,859,0.12958023304787308,0.18613217768147344,0.21974280784101985,0.2927644751911453,0.25625364151608254,376,E
2021,성북구,길음2동,성북구_길음2동,16780.0,2559.0,668,0.15250297973778307,0.2610394685423994,0.3175888523073991,0.41058501525068525,0.36408693377904217,240,C
2021,성북구,종암동,성북구_종암동,40325.0,6760.0,1685,0.16763794172349658,0.2492603550295858,0.38219263576686285,0.39205782651442495,0.3871252311406439,202,C
2021,성북구,월곡1동,성북구_월곡1동,26525.0,4738.0,1079,0.1786239396795476,0.22773322076825664,0.4290865119264977,0.35819812400144746,0.3936423179639726,195,C
2021,성북구,월곡2동,성북구_월곡2동,19896.0,3619.0,890,0.18189585846401288,0.24592428847747996,0.4430527401104915,0.3868105781047417,0.4149316591076166,154,B
2021,성북구,장위1동,성북구_장위1동,24511.0,4067.0,1058,0.16592550283546162,0.260142611261372,0.37488306794537746,0.40917436205534863,0.39202871500036307,198,C
2021,성북구,장위2동,성북구_장위2동,13953.0,3118.0,817,0.223464487923744,0.26202694034637586,0.6204889793860241,0.41213819465286233,0.5163135870194432,48,A
2021,성북구,장위3동,성북구_장위3동,15980.0,2128.0,460,0.13316645807259073,0.2161654135338346,0.2350506563280173,0.3400032957010263,0.2875269760145218,352,E
2021,성북구,석관동,성북구_석관동,35829.0,7197.0,1821,0.20087080298082557,0.25302209253855773,0.5240475392964186,0.39797460630682424,0.4610110728016214,90,B
2021,강북구,삼양동,강북구_삼양동,23802.0,4945.0,2073,0.20775565078564825,0.419211324570273,0.5534356023225419,0.6593711251905516,0.6064033637565467,16,A
2021,강북구,미아동,강북구_미아동,21997.0,4524.0,1903,0.20566440878301587,0.42064544650751545,0.5445091084451917,0.6616268338033602,0.6030679711242759,18,A
2021,강북구,송중동,강북구_송중동,30035.0,6013.0,2058,0.20019976693857167,0.34225844004656575,0.5211832131614611,0.5383331019284923,0.5297581575449767,40,A
2021,강북구,송천동,강북구_송천동,26801.0,6173.0,2659,0.23032722659602253,0.4307468005831848,0.6497826692903181,0.677515100203725,0.6636488847470216,11,A
2021,강북구,삼각산동,강북구_삼각산동,31470.0,4504.0,1507,0.14312043215761042,0.33459147424511543,0.2775393250776805,0.5262738478697381,0.40190658647370925,180,C
2021,강북구,번1동,강북구_번1동,18717.0,3657.0,1469,0.19538387562109313,0.40169537872573147,0.5006265179988054,0.6318205600140709,0.5662235390064382,26,A
2021,강북구,번2동,강북구_번2동,15932.0,4001.0,1798,0.2511298016570424,0.44938765308672834,0.7385787333907734,0.7068350139784116,0.7227068736845925,7,A
2021,강북구,번3동,강북구_번3동,16905.0,4669.0,2299,0.2761904761904762,0.4923966588134504,0.8455505508577948,0.7744832258401162,0.8100168883489556,3,A
2021,강북구,수유1동,강북구_수유1동,20849.0,4432.0,1802,0.21257614274065903,0.4065884476534296,0.5740119353667587,0.6395167938116635,0.6067643645892111,15,A
2021,강북구,수유2동,강북구_수유2동,21421.0,4936.0,1602,0.23042808458988842,0.32455429497568883,0.6502131829580775,0.5104865210473882,0.5803498520027328,23,A
2021,강북구,수유3동,강북구_수유3동,23393.0,4637.0,1883,0.19822169024921985,0.406081518222989,0.5127397669059816,0.6387194522100632,0.5757296095580224,25,A
2021,강북구,우이동,강북구_우이동,20678.0,4864.0,1674,0.2352258438920592,0.3441611842105263,0.6706924813759161,0.5413258993239981,0.6060091903499571,17,A
2021,강북구,인수동,강북구_인수동,30563.0,6978.0,2468,0.22831528318555117,0.353683003725996,0.6411946624921856,0.5563026246169335,0.5987486435545595,19,A
2021,도봉구,창1동,도봉구_창1동,24827.0,4615.0,1077,0.18588633342731703,0.2333694474539545,0.46008613475482957,0.36706325934908435,0.41357469705195693,156,B
2021,도봉구,창2동,도봉구_창2동,29337.0,5281.0,1135,0.18001158946040835,0.2149214163984094,0.4350097131902288,0.3380466315012698,0.3865281723457493,204,C
2021,도봉구,창3동,도봉구_창3동,13923.0,2940.0,815,0.21116138763197587,0.27721088435374147,0.5679730346562176,0.43602078955945267,0.5019969121078351,55,A
2021,도봉구,창4동,도봉구_창4동,26583.0,4274.0,841,0.16077944551028853,0.19677117454375292,0.35291705485467484,0.309498391764537,0.3312077233096059,291,D
2021,도봉구,창5동,도봉구_창5동,24709.0,4377.0,851,0.17714193208952203,0.19442540552890109,0.42276054311853706,0.3058087673099841,0.36428465521426057,239,C
2021,도봉구,도봉1동,도봉구_도봉1동,21210.0,5790.0,1679,0.272984441301273,0.2899827288428325,0.8318655489436122,0.45610942977012287,0.6439874893568676,12,A
2021,도봉구,도봉2동,도봉구_도봉2동,26962.0,6476.0,1462,0.24018989689192197,0.22575663990117356,0.6918816066203107,0.3550891899770752,0.523485398298693,44,A
2021,도봉구,쌍문1동,도봉구_쌍문1동,21658.0,4614.0,1003,0.21303906177855758,0.21738188123103597,0.5759879113429054,0.3419166592655336,0.4589522853042195,94,B
2021,도봉구,쌍문2동,도봉구_쌍문2동,18864.0,3908.0,1043,0.20716709075487702,0.26688843398157625,0.550923326122791,0.419784764152469,0.48535404513763003,66,A
2021,도봉구,쌍문3동,도봉구_쌍문3동,16768.0,3460.0,873,0.20634541984732824,0.2523121387283237,0.5474160130924492,0.3968579307418995,0.4721369719171744,81,A
2021,도봉구,쌍문4동,도봉구_쌍문4동,18643.0,3072.0,541,0.1647803465107547,0.17610677083333334,0.36999495317518943,0.2769956650314305,0.32349530910331,299,D
2021,도봉구,방학1동,도봉구_방학1동,28912.0,5868.0,1420,0.20296070835639182,0.2419904567143831,0.532968327763631,0.38062311387389713,0.4567957208187641,101,B
2021,도봉구,방학2동,도봉구_방학2동,19867.0,4405.0,1327,0.22172446771027332,0.30124858115777525,0.6130616803156824,0.4738293177639625,0.5434454990398224,35,A
2021,도봉구,방학3동,도봉구_방학3동,27110.0,5080.0,894,0.18738472888233124,0.17598425196850392,0.466482055379127,0.27680295696982826,0.37164250617447764,229,C
2021,노원구,월계1동,노원구_월계1동,22240.0,4239.0,969,0.1906025179856115,0.22859164897381457,0.4802172303100431,0.3595483326876614,0.4198827814988523,143,B
2021,노원구,월계2동,노원구_월계2동,26704.0,5875.0,1839,0.22000449370880767,0.3130212765957447,0.6057199487638303,0.49234641160778186,0.549033180185806,33,A
2021,노원구,월계3동,노원구_월계3동,30069.0,6149.0,1663,0.2044963251188932,0.27045047975280534,0.539523128026427,0.42538745184360716,0.4824552899350171,69,A
2021,노원구,공릉1동,노원구_공릉1동,37277.0,6594.0,1810,0.1768919172680205,0.2744919623900516,0.4216933515784997,0.43174423849933696,0.4267187950389183,135,B
2021,노원구,공릉2동,노원구_공릉2동,41004.0,5529.0,1130,0.1348405033655253,0.20437692168565744,0.2421963405859736,0.3214613559235162,0.2818288482547449,358,E
2021,노원구,하계1동,노원구_하계1동,27036.0,4493.0,1590,0.16618582630566653,0.3538838192744269,0.3759942620874182,0.5566184843429569,0.46630637321518753,87,B
2021,노원구,하계2동,노원구_하계2동,22034.0,3229.0,799,0.14654624670963057,0.24744502942087335,0.2921624593610637,0.38920252843670494,0.34068249389888433,277,D
2021,노원구,중계본동,노원구_중계본동,24009.0,2535.0,588,0.10558540547294765,0.2319526627218935,0.11732057207584871,0.36483482016297825,0.2410776961194135,392,E
2021,노원구,중계1동,노원구_중계1동,26877.0,2382.0,542,0.08862596271905347,0.22753988245172124,0.044928968562078925,0.35789402509990403,0.20141149683099147,409,E
2021,노원구,중계4동,노원구_중계4동,19975.0,4006.0,1284,0.20055068836045056,0.3205192211682476,0.5226811258467887,0.5041398147427176,0.5134104702947532,49,A
2021,노원구,중계2.3동,노원구_중계2.3동,34326.0,7438.0,2530,0.2166870593719047,0.3401452003226674,0.5915594368481365,0.5350092192638897,0.5632843280560131,28,A
2021,노원구,상계1동,노원구_상계1동,38275.0,7102.0,1522,0.18555192684519922,0.21430582934384682,0.45865871587931795,0.33707838397304346,0.3978685499261807,189,C
2021,노원구,상계2동,노원구_상계2동,20143.0,3392.0,854,0.16839596882291616,0.2517688679245283,0.3854282843686587,0.3960034283461235,0.39071585635739114,199,C
2021,노원구,상계3.4동,노원구_상계3.4동,26268.0,6120.0,1972,0.23298309730470534,0.32222222222222224,0.6611192881944185,0.5068184392343413,0.5839688637143798,21,A
2021,노원구,상계5동,노원구_상계5동,24077.0,5037.0,1455,0.20920380446068862,0.2888624181060155,0.5596170652510015,0.45434731002811607,0.5069821876395588,52,A
2021,노원구,상계6.7동,노원구_상계6.7동,32774.0,5086.0,1253,0.15518398730701166,0.24636256390090444,0.3290327682299578,0.38749993486146334,0.35826635154571057,246,C
2021,노원구,상계8동,노원구_상계8동,22598.0,2918.0,639,0.1291264713691477,0.21898560657984922,0.21780592017243844,0.3444391345083663,0.28112252734040233,359,E
2021,노원구,상계9동,노원구_상계9동,20529.0,3487.0,777,0.16985727507428516,0.2228276455405793,0.3916658892414372,0.3504822192345707,0.37107405423800394,230,C
2021,노원구,상계10동,노원구_상계10동,18731.0,2734.0,554,0.1459612407239336,0.20263350402340893,0.28966535364926005,0.31871916076260953,0.3041922572059348,325,D
2021,은평구,녹번동,은평구_녹번동,37164.0,7050.0,1965,0.18969970939618985,0.27872340425531916,0.47636358002196205,0.43839980913961,0.45738169458078604,99,B
2021,은평구,불광1동,은평구_불광1동,38777.0,7722.0,1995,0.19913866467235733,0.25835275835275834,0.5166538842408094,0.4063591296007198,0.46150650692076456,89,B
2021,은평구,불광2동,은평구_불광2동,27798.0,5954.0,1817,0.21418807108425067,0.3051729929459187,0.5808924726128954,0.48000196545927887,0.5304472190360872,38,A
2021,은평구,갈현1동,은평구_갈현1동,22077.0,4381.0,1209,0.198441817275898,0.27596439169139464,0.5136793820023733,0.4340602001833047,0.473869791092839,80,A
2021,은평구,갈현2동,은평구_갈현2동,28547.0,5010.0,1128,0.1755000525449259,0.2251497005988024,0.4157521587786401,0.35413454436692365,0.38494335157278187,207,C
2021,은평구,구산동,은평구_구산동,32464.0,6237.0,1235,0.19212050271069492,0.19801186467853135,0.4866967679901927,0.3114498544332048,0.39907331121169876,187,C
2021,은평구,대조동,은평구_대조동,27204.0,5165.0,1459,0.189861785031613,0.2824782187802517,0.47705540199447943,0.44430569987556406,0.46068055093502175,92,B
2021,은평구,응암1동,은평구_응암1동,33287.0,5170.0,1163,0.1553158890858293,0.22495164410058027,0.3295957927003659,0.35382302430906765,0.34170940850471676,275,D
2021,은평구,응암2동,은평구_응암2동,28107.0,4000.0,846,0.14231330273597326,0.2115,0.27409408257040296,0.33266513761467886,0.3033796100925409,328,D
2021,은평구,응암3동,은평구_응암3동,24637.0,5583.0,1706,0.22661038275764095,0.3055704818198101,0.6339172726864744,0.48062716967172986,0.5572722211791021,31,A
2021,은평구,역촌동,은평구_역촌동,45752.0,8445.0,1982,0.18458209477181325,0.23469508584961515,0.4545189749721249,0.3691483358470501,0.4118336554095875,163,B
2021,은평구,신사1동,은평구_신사1동,27231.0,4965.0,1006,0.18232896331387022,0.2026183282980866,0.4449014538345061,0.3186952910947478,0.38179837246462694,211,C
2021,은평구,신사2동,은평구_신사2동,20330.0,3866.0,907,0.19016232169208067,0.2346094154164511,0.4783382466658312,0.36901358612393886,0.423675916394885,139,B
2021,은평구,증산동,은평구_증산동,15034.0,3152.0,699,0.2096581082878808,0.22176395939086294,0.561556267087414,0.3488091634455673,0.4551827152664907,103,B
2021,은평구,수색동,은평구_수색동,12752.0,2227.0,495,0.1746392722710163,0.22227211495285137,0.41207790690576945,0.3496084336108559,0.3808431702583127,214,C
2021,은평구,진관동,은평구_진관동,56012.0,8314.0,1188,0.1484324787545526,0.14289150829925426,0.3002138655489002,0.224751883084352,0.2624828743166261,373,E
2021,서대문구,천연동,서대문구_천연동,17359.0,3224.0,1001,0.18572498415807362,0.31048387096774194,0.45939741328586364,0.48835536483509256,0.47387638906047813,79,A
2021,서대문구,북아현동,서대문구_북아현동,16236.0,2258.0,633,0.13907366346390737,0.28033658104517273,0.26026563990785256,0.440937150410501,0.35060139515917677,262,D
2021,서대문구,충현동,서대문구_충현동,20760.0,3410.0,938,0.1642581888246628,0.2750733137829912,0.3677661162533777,0.4326586372753878,0.4002123767643827,185,C
2021,서대문구,신촌동,서대문구_신촌동,23759.0,2124.0,609,0.08939770192348163,0.2867231638418079,0.04822314746369216,0.4509825094881851,0.24960282847593862,382,E
2021,서대문구,연희동,서대문구_연희동,37734.0,6114.0,1408,0.16202893941803148,0.230291135099771,0.3582505359645674,0.3622214286023921,0.36023598228347975,243,C
2021,서대문구,홍제1동,서대문구_홍제1동,23929.0,4594.0,1104,0.1919846211709641,0.24031345232912493,0.4861167558582035,0.377985379147645,0.43205106750292427,129,B
2021,서대문구,홍제3동,서대문구_홍제3동,15478.0,3649.0,1061,0.23575397338157383,0.29076459303918883,0.672946809018851,0.45733921208916245,0.5651430105540067,27,A
2021,서대문구,홍제2동,서대문구_홍제2동,13801.0,2751.0,701,0.19933338163901165,0.25481643038894947,0.5174850361631924,0.4007968930582559,0.4591409646107242,93,B
2021,서대문구,홍은1동,서대문구_홍은1동,22933.0,4586.0,1120,0.19997383682902367,0.24422154382904493,0.5202188275298362,0.38413235690949676,0.45217559221966647,106,B
2021,서대문구,홍은2동,서대문구_홍은2동,27222.0,5203.0,1226,0.19113217250753067,0.2356332884874111,0.48247806757377004,0.3706240205260707,0.4265510440499204,136,B
2021,서대문구,남가좌1동,서대문구_남가좌1동,15627.0,2180.0,430,0.13950214372560313,0.19724770642201836,0.2620946135167309,0.3102479215180166,0.28617126751737376,354,E
2021,서대문구,남가좌2동,서대문구_남가좌2동,30807.0,4851.0,1239,0.1574642126789366,0.2554112554112554,0.33876594009425887,0.40173248430129166,0.3702492121977753,231,C
2021,서대문구,북가좌1동,서대문구_북가좌1동,18121.0,2961.0,569,0.1634015782793444,0.19216480918608578,0.36410966292160973,0.3022531096576252,0.33318138628961746,290,D
2021,서대문구,북가좌2동,서대문구_북가좌2동,31893.0,6363.0,1581,0.19951086445301477,0.24846770391324846,0.518242623879267,0.3908110776127853,0.45452685074602617,104,B
2021,마포구,아현동,마포구_아현동,25686.0,3155.0,617,0.12282955695709726,0.19556259904912837,0.19092745853356002,0.3075974417255913,0.24926245012957565,383,E
2021,마포구,공덕동,마포구_공덕동,37792.0,5910.0,1805,0.1563823031329382,0.305414551607445,0.3341477950273347,0.4803819094090598,0.40726485221819725,169,B
2021,마포구,도화동,마포구_도화동,21391.0,3720.0,818,0.17390491328128652,0.21989247311827956,0.408943285940167,0.3458655311126456,0.37740440852640633,218,C
2021,마포구,용강동,마포구_용강동,22038.0,2956.0,661,0.13413195389781288,0.2236129905277402,0.23917188790313101,0.35171747643659845,0.29544468216986475,340,D
2021,마포구,대흥동,마포구_대흥동,15848.0,2068.0,627,0.1304896516910651,0.30319148936170215,0.22362467323019197,0.4768852885678964,0.35025498089904417,263,D
2021,마포구,염리동,마포구_염리동,17657.0,2101.0,544,0.11898963583847766,0.2589243217515469,0.17453670494707013,0.40725813298943614,0.29089741896825316,347,E
2021,마포구,신수동,마포구_신수동,22834.0,3242.0,716,0.14198125602172199,0.22085132634176435,0.272676736821787,0.347373696784243,0.310025216803015,315,D
2021,마포구,서강동,마포구_서강동,25600.0,3227.0,772,0.1260546875,0.2392314843507902,0.20469397049565596,0.37628356814808284,0.2904887693218694,348,E
2021,마포구,서교동,마포구_서교동,26549.0,3338.0,791,0.12572978266601378,0.23696824445775913,0.20330710995648893,0.3727237524957414,0.28801543122611517,351,E
2021,마포구,합정동,마포구_합정동,17649.0,2648.0,646,0.1500368292821123,0.24395770392749244,0.3070620567880576,0.3837173671356991,0.34538971196187834,271,D
2021,마포구,망원1동,마포구_망원1동,20351.0,3375.0,832,0.16583951648567638,0.24651851851851853,0.37451603408515116,0.3877452335107789,0.381130633797965,212,C
2021,마포구,망원2동,마포구_망원2동,18764.0,3124.0,671,0.1664890215305905,0.2147887323943662,0.37728845487597107,0.33783793484659225,0.35756319486128163,249,C
2021,마포구,연남동,마포구_연남동,15899.0,2413.0,520,0.1517705516070193,0.21549937836717778,0.3144624732385817,0.33895569910352225,0.326709086171052,295,D
2021,마포구,성산1동,마포구_성산1동,19246.0,2953.0,806,0.1534344798919256,0.27294277006434137,0.32156497291526626,0.42930753742026373,0.375436255167765,223,C
2021,마포구,성산2동,마포구_성산2동,39909.0,6288.0,1669,0.15755844546342931,0.2654262086513995,0.33916817396903814,0.41748485213976494,0.37832651305440157,217,C
2021,마포구,상암동,마포구_상암동,31473.0,4064.0,834,0.1291265529183745,0.20521653543307086,0.21780626826638103,0.32278197163427963,0.2702941199503303,369,E
2021,양천구,목1동,양천구_목1동,30883.0,3282.0,504,0.10627205906161966,0.15356489945155394,0.12025156191223572,0.24153989791411593,0.18089572991317582,416,E
2021,양천구,목2동,양천구_목2동,30139.0,4183.0,878,0.13879027174093367,0.20989720296437964,0.25905597862674207,0.33014412250156755,0.29460005056415484,342,E
2021,양천구,목3동,양천구_목3동,21977.0,3377.0,744,0.15366064522000272,0.22031388806633107,0.3225303625802634,0.3465283682837399,0.3345293654320016,288,D
2021,양천구,목4동,양천구_목4동,25544.0,3279.0,762,0.1283667397431882,0.232387923147301,0.21456299577678264,0.36551943467511255,0.2900412152259476,350,E
2021,양천구,목5동,양천구_목5동,41308.0,4699.0,558,0.11375520480294374,0.11874866992977229,0.15219346751625687,0.18677797930850012,0.1694857234123785,421,E
2021,양천구,신월1동,양천구_신월1동,20693.0,4260.0,1234,0.20586671821388874,0.2896713615023474,0.5453726689005307,0.45561968480950255,0.5004961768550167,56,A
2021,양천구,신월2동,양천구_신월2동,20819.0,3918.0,810,0.18819347711225323,0.20673813169984687,0.46993420779076994,0.3251752672914003,0.3975547375410851,190,C
2021,양천구,신월3동,양천구_신월3동,15372.0,3022.0,1064,0.1965912047879261,0.35208471211118464,0.5057800183598897,0.5537886960117817,0.5297843571858357,39,A
2021,양천구,신월4동,양천구_신월4동,18012.0,3312.0,596,0.1838774150566289,0.17995169082125603,0.4515110403786308,0.28304328128154743,0.3672771608300891,235,C
2021,양천구,신월5동,양천구_신월5동,14750.0,2467.0,597,0.1672542372881356,0.2419943250912039,0.380554788359126,0.3806291983850434,0.3805919933720847,215,C
2021,양천구,신월6동,양천구_신월6동,13945.0,1846.0,364,0.13237719612764431,0.19718309859154928,0.2316816813790056,0.3101463008427732,0.27091399111088943,368,E
2021,양천구,신월7동,양천구_신월7동,19917.0,4406.0,1164,0.221218054927951,0.26418520199727646,0.610900050721823,0.41553289162262746,0.5132164711722252,50,A
2021,양천구,신정1동,양천구_신정1동,20487.0,2720.0,466,0.1327671206130717,0.1713235294117647,0.23334607915191521,0.2694721772501049,0.2514091282010101,380,E
2021,양천구,신정2동,양천구_신정2동,19596.0,2625.0,597,0.13395590936925902,0.22742857142857142,0.23842043952733383,0.35771894568224843,0.2980696926047911,336,D
2021,양천구,신정3동,양천구_신정3동,49979.0,7530.0,1575,0.15066327857700235,0.20916334661354583,0.30973606380793733,0.3289898509935792,0.31936295740075826,302,D
2021,양천구,신정4동,양천구_신정4동,33343.0,5878.0,1493,0.17628887622589448,0.2539979584892821,0.41911926299212243,0.39950953103869746,0.40931439701540995,165,B
2021,양천구,신정6동,양천구_신정6동,24552.0,2823.0,349,0.11498044965786901,0.12362734679419057,0.15742344122660593,0.19445157604835478,0.17593750863748037,418,E
2021,양천구,신정7동,양천구_신정7동,29171.0,5000.0,1376,0.17140310582427754,0.2752,0.39826428804361164,0.43285790010193675,0.4155610940727742,153,B
2021,강서구,염창동,강서구_염창동,41764.0,4422.0,629,0.10588066277176515,0.14224332881049298,0.11858088172285264,0.2237323714114074,0.17115662656713002,419,E
2021,강서구,등촌1동,강서구_등촌1동,24436.0,2934.0,758,0.1200687510230807,0.25835037491479207,0.1791429222457803,0.4063553807273437,0.292749151486562,344,E
2021,강서구,등촌2동,강서구_등촌2동,20423.0,3187.0,530,0.15604955197571366,0.16630059617194853,0.33272744235466123,0.2615716818484369,0.2971495621015491,338,D
2021,강서구,등촌3동,강서구_등촌3동,30714.0,6761.0,2696,0.22012762909422412,0.3987575802396095,0.6062455537691915,0.6271997413962461,0.6167226475827188,14,A
2021,강서구,화곡1동,강서구_화곡1동,52770.0,8430.0,1978,0.15974985787379192,0.23463819691577698,0.3485222465437221,0.36905885610707834,0.3587905513254002,245,C
2021,강서구,화곡2동,강서구_화곡2동,18096.0,2876.0,674,0.15893015030946064,0.23435326842837273,0.3450233140696181,0.3686106964169002,0.35681700524325916,251,C
2021,강서구,화곡3동,강서구_화곡3동,21661.0,4096.0,781,0.1890956096209778,0.190673828125,0.4737849722195408,0.2999079681925331,0.38684647020603696,203,C
2021,강서구,화곡4동,강서구_화곡4동,20820.0,3845.0,903,0.18467819404418828,0.23485045513654096,0.4549291759748753,0.3693927138386164,0.4121609449067458,160,B
2021,강서구,화곡본동,강서구_화곡본동,34612.0,4900.0,1212,0.14156939789668324,0.2473469387755102,0.2709187150209302,0.38904824315047115,0.3299834790857007,292,D
2021,강서구,화곡6동,강서구_화곡6동,25096.0,3948.0,917,0.15731590691743705,0.2322695035460993,0.3381328950089292,0.3653331742830083,0.3517330346459687,260,D
2021,강서구,화곡8동,강서구_화곡8동,24789.0,4444.0,1011,0.17927306466577916,0.2274977497749775,0.4318573104318535,0.3578277552525895,0.3948425328422215,191,C
2021,강서구,가양1동,강서구_가양1동,34395.0,3121.0,539,0.09073993312981538,0.17270105735341237,0.05395247894720509,0.27163887002682496,0.16279567448701504,422,E
2021,강서구,가양2동,강서구_가양2동,14109.0,4134.0,1690,0.29300446523495643,0.4088050314465409,0.9173212833079158,0.6430032247930811,0.7801622540504984,5,A
2021,강서구,가양3동,강서구_가양3동,15138.0,3721.0,1328,0.24580525829039504,0.35689330825047033,0.715850850294396,0.5613520638435022,0.6386014570689491,13,A
2021,강서구,발산1동,강서구_발산1동,36572.0,4874.0,893,0.13327135513507601,0.18321707016823963,0.23549841081307848,0.28817934685993246,0.2618388788365055,374,E
2021,강서구,우장산동,강서구_우장산동,43129.0,5829.0,904,0.13515268149041249,0.15508663578658433,0.24352887700066894,0.24393341388246648,0.2437311454415677,388,E
2021,강서구,공항동,강서구_공항동,31483.0,4303.0,1021,0.136676936759521,0.23727631884731581,0.25003518058011537,0.3732083180238617,0.3116217493019885,311,D
2021,강서구,방화1동,강서구_방화1동,43181.0,6616.0,1228,0.15321553461012946,0.18561064087061668,0.3206304021123808,0.29194415786275385,0.30628727998756733,321,D
2021,강서구,방화2동,강서구_방화2동,23656.0,4857.0,1449,0.20531788975312817,0.2983323038912909,0.5430299874277369,0.46924234954562877,0.5061361684866829,53,A
2021,강서구,방화3동,강서구_방화3동,22924.0,5260.0,1722,0.22945384749607398,0.3273764258555133,0.6460546391634927,0.5149254078440948,0.5804900235037938,22,A
2021,구로구,신도림동,구로구_신도림동,36342.0,4740.0,621,0.13042760442463266,0.1310126582278481,0.22335982366078855,0.20606782022993844,0.21471382194536348,406,E
2021,구로구,구로1동,구로구_구로1동,21166.0,2668.0,380,0.12605121421147122,0.1424287856071964,0.204679144718081,0.22402407359011625,0.21435160915409862,407,E
2021,구로구,구로2동,구로구_구로2동,31164.0,5946.0,1634,0.1907970735463997,0.27480659266733937,0.4810476932693725,0.43223911568369483,0.4566434044765337,102,B
2021,구로구,구로3동,구로구_구로3동,25157.0,3541.0,760,0.14075605199348093,0.21462863597853712,0.2674469373806742,0.33758612162577245,0.30251652950322333,329,D
2021,구로구,구로4동,구로구_구로4동,23745.0,4665.0,1338,0.19646241313960833,0.2868167202572347,0.5052302695222539,0.45112966295302054,0.47817996623763726,75,A
2021,구로구,구로5동,구로구_구로5동,31822.0,4826.0,1034,0.15165608698384767,0.21425611272275177,0.31397387949542394,0.33700018545484806,0.325487032475136,297,D
2021,구로구,가리봉동,구로구_가리봉동,13091.0,2077.0,838,0.15865862042624704,0.40346653827636014,0.34386428520687873,0.6346063899698509,0.4892353375883648,63,A
2021,구로구,고척1동,구로구_고척1동,22657.0,4429.0,931,0.19548042547557046,0.21020546398735607,0.5010386423171608,0.330628981582559,0.4158338119498599,152,B
2021,구로구,고척2동,구로구_고척2동,27092.0,5243.0,1274,0.19352576406319208,0.24299065420560748,0.4926951444781135,0.3821963093162613,0.4374457268971874,120,B
2021,구로구,개봉1동,구로구_개봉1동,34560.0,6464.0,1507,0.18703703703703703,0.23313737623762376,0.4649979281837491,0.3666982380577507,0.4158480831207499,151,B
2021,구로구,개봉2동,구로구_개봉2동,31314.0,6506.0,1110,0.20776649421983778,0.17061174300645557,0.553481887663397,0.26835261922422116,0.4109172534438091,164,B
2021,구로구,개봉3동,구로구_개봉3동,20590.0,4307.0,929,0.20917921321029626,0.2156953796145809,0.5595120971766288,0.33926398648858136,0.44938804183260506,110,B
2021,구로구,오류1동,구로구_오류1동,23155.0,4015.0,1019,0.17339667458432304,0.25379825653798255,0.40677386240574764,0.3991954228726881,0.40298464263921785,176,C
2021,구로구,오류2동,구로구_오류2동,39026.0,7128.0,1396,0.18264746579203608,0.19584736251402918,0.44626098583400187,0.3080453418543802,0.37715316384419106,219,C
2021,구로구,수궁동,구로구_수궁동,23806.0,4430.0,984,0.1860875409560615,0.22212189616252823,0.46094499172650166,0.3493721567571672,0.40515857424183443,173,C
2021,구로구,항동,구로구_항동,16476.0,1626.0,228,0.09868900218499636,0.14022140221402213,0.08788318431864818,0.22055211377801848,0.15421764904833332,423,E
2021,금천구,가산동,금천구_가산동,26179.0,2682.0,731,0.10244852744566256,0.2725577926920209,0.10393076713251494,0.42870201235860167,0.2663163897455583,371,E
2021,금천구,독산1동,금천구_독산1동,46698.0,5900.0,1413,0.12634374063129042,0.2394915254237288,0.20592779757231414,0.37669258280205253,0.29131019018718335,346,E
2021,금천구,독산2동,금천구_독산2동,20175.0,3524.0,1075,0.17467162329615862,0.3050510783200908,0.4122159976802926,0.47981020779602457,0.4460131027381586,113,B
2021,금천구,독산3동,금천구_독산3동,27595.0,4671.0,1258,0.16926979525276317,0.26932134446585315,0.38915822392901445,0.42361145210072515,0.4063848380148698,171,C
2021,금천구,독산4동,금천구_독산4동,16778.0,2942.0,752,0.1753486708785314,0.2556084296397009,0.41510598415298094,0.40204261665041635,0.4085743004016986,167,B
2021,금천구,시흥1동,금천구_시흥1동,34533.0,6274.0,1720,0.18168129035994557,0.27414727446605036,0.4421368533480697,0.43120208409899663,0.4366694687235332,122,B
2021,금천구,시흥2동,금천구_시흥2동,21351.0,4077.0,887,0.19095124350147535,0.21756193279372088,0.4817057697417856,0.3421998596337526,0.4119528146877691,162,B
2021,금천구,시흥3동,금천구_시흥3동,10951.0,2380.0,556,0.2173317505250662,0.23361344537815126,0.5943113094789626,0.3674470399780707,0.48087917472851666,71,A
2021,금천구,시흥4동,금천구_시흥4동,20916.0,4191.0,1002,0.20037292025243833,0.23908375089477452,0.5219223203494996,0.37605120043897766,0.4489867603942386,112,B
2021,금천구,시흥5동,금천구_시흥5동,19715.0,4400.0,1337,0.22318031955363937,0.3038636363636364,0.6192760029764636,0.47794249837827824,0.5486092506773709,34,A
2021,영등포구,영등포본동,영등포구_영등포본동,23152.0,4225.0,1224,0.18248963372494817,0.2897041420118343,0.4455872775885017,0.45567124477498505,0.4506292611817434,107,B
2021,영등포구,영등포동,영등포구_영등포동,29901.0,3418.0,1372,0.11431055817531187,0.4014043300175541,0.1545640006597045,0.6313627739215962,0.3929633872906504,196,C
2021,영등포구,여의동,영등포구_여의동,33420.0,6230.0,964,0.18641532016756432,0.15473515248796146,0.4623441215837441,0.24338057114059586,0.35286234636216995,258,D
2021,영등포구,당산1동,영등포구_당산1동,20648.0,3394.0,872,0.16437427353738862,0.25692398350029466,0.3682616253700158,0.4041118313363452,0.38618672835318046,205,C
2021,영등포구,당산2동,영등포구_당산2동,37911.0,4696.0,763,0.12386906174988789,0.1624787052810903,0.1953645983560394,0.25556028771531325,0.2254624430356763,398,E
2021,영등포구,도림동,영등포구_도림동,19826.0,3350.0,934,0.1689700393422778,0.27880597014925373,0.38787871189918766,0.4385296757801208,0.41320419383965423,158,B
2021,영등포구,문래동,영등포구_문래동,32812.0,4695.0,792,0.14308789467268074,0.16869009584664538,0.27740043839711287,0.26533008959365323,0.2713652639953831,366,E
2021,영등포구,양평1동,영등포구_양평1동,18487.0,2396.0,598,0.12960458700708605,0.24958263772954925,0.21984676303488557,0.3925647400781799,0.30620575155653273,322,D
2021,영등포구,양평2동,영등포구_양평2동,22499.0,2535.0,475,0.11267167429663541,0.1873767258382643,0.14756840335901997,0.29472200608403853,0.22114520472152926,401,E
2021,영등포구,신길1동,영등포구_신길1동,18755.0,3326.0,1113,0.17733937616635564,0.33463619963920627,0.4236033357464375,0.5263441957627882,0.47497376575461286,77,A
2021,영등포구,신길3동,영등포구_신길3동,17575.0,3144.0,869,0.1788904694167852,0.2763994910941476,0.4302241976006514,0.43474456142535134,0.43248437951300134,128,B
2021,영등포구,신길4동,영등포구_신길4동,13089.0,2335.0,713,0.17839407135762855,0.3053533190578158,0.428105315983788,0.4802855976617837,0.45419545682278584,105,B
2021,영등포구,신길5동,영등포구_신길5동,11701.0,2047.0,540,0.17494231262285276,0.26380068392769906,0.4133714386165198,0.4149280889912738,0.4141497638038968,155,B
2021,영등포구,신길6동,영등포구_신길6동,19869.0,3329.0,797,0.1675474357038603,0.23941123460498648,0.38180630963668294,0.3765662945927565,0.3791863021147197,216,C
2021,영등포구,신길7동,영등포구_신길7동,20158.0,2568.0,410,0.12739359063399147,0.15965732087227413,0.2104090960587879,0.2511225750315178,0.23076583554515284,396,E
2021,영등포구,대림1동,영등포구_대림1동,17067.0,3181.0,848,0.18638307845549892,0.26658283558629364,0.4622064974135215,0.41930409307813565,0.44075529524582857,118,B
2021,영등포구,대림2동,영등포구_대림2동,18162.0,3082.0,832,0.1696949675145909,0.2699545749513303,0.39097307729713104,0.42460745071345835,0.4077902640052947,168,B
2021,영등포구,대림3동,영등포구_대림3동,25876.0,4565.0,1092,0.1764183026742928,0.23921139101861993,0.41967172148221604,0.3762519636511015,0.3979618425666588,188,C
2021,동작구,노량진1동,동작구_노량진1동,32298.0,5869.0,1296,0.18171403802093009,0.22082126426989265,0.44227663716788007,0.3473264126079963,0.3948015248879382,192,C
2021,동작구,노량진2동,동작구_노량진2동,11550.0,2285.0,785,0.19783549783549784,0.3435448577680525,0.5110912995300255,0.5403564888237563,0.5257238941768909,43,A
2021,동작구,상도1동,동작구_상도1동,45485.0,7096.0,1369,0.15600747499175552,0.19292559188275085,0.3325478361975513,0.3034497332059985,0.3179987847017749,306,D
2021,동작구,상도2동,동작구_상도2동,28362.0,4320.0,798,0.15231647979691135,0.18472222222222223,0.316792774867188,0.29054677766451464,0.30366977626585134,326,D
2021,동작구,상도3동,동작구_상도3동,24846.0,4438.0,1004,0.1786203010544957,0.22622803064443442,0.4290709804078084,0.35583063331739273,0.3924508068626006,197,C
2021,동작구,상도4동,동작구_상도4동,28914.0,5145.0,1366,0.17794148163519402,0.26550048590864916,0.4261734308259832,0.41760168170952666,0.4218875562677549,140,B
2021,동작구,흑석동,동작구_흑석동,33293.0,5718.0,658,0.17174781485597573,0.11507520111927247,0.3997356830600889,0.18100003601125117,0.29036785953567,349,E
2021,동작구,사당1동,동작구_사당1동,23321.0,3800.0,903,0.16294327001415035,0.23763157894736842,0.3621533680891399,0.3737671012393369,0.3679602346642384,234,C
2021,동작구,사당2동,동작구_사당2동,28147.0,5480.0,1073,0.19469215191672293,0.1958029197080292,0.4976738863071571,0.30797543843984615,0.4028246623735016,177,C
2021,동작구,사당3동,동작구_사당3동,24548.0,4487.0,742,0.1827847482483298,0.16536661466458658,0.44684697779668764,0.26010263652136295,0.3534748071590253,257,D
2021,동작구,사당4동,동작구_사당4동,14301.0,2681.0,633,0.18746940773372492,0.23610593062290192,0.4668435081653446,0.3713674321622198,0.4191054701637822,145,B
2021,동작구,사당5동,동작구_사당5동,14558.0,2347.0,507,0.1612172001648578,0.216020451640392,0.35478561633100103,0.33977528734059614,0.3472804518357986,267,D
2021,동작구,대방동,동작구_대방동,38338.0,5813.0,1400,0.15162501956283583,0.24083949767761914,0.3138412678019432,0.37881278788640804,0.34632702784417563,269,D
2021,동작구,신대방1동,동작구_신대방1동,24999.0,3920.0,872,0.15680627225089003,0.22244897959183674,0.3359575127600594,0.3498866213151927,0.34292206703762607,274,D
2021,동작구,신대방2동,동작구_신대방2동,21404.0,3214.0,1285,0.15015884881330593,0.39981331673926573,0.3075828987550543,0.6288602933014139,0.4682215960282341,86,B
2021,관악구,보라매동,관악구_보라매동,24918.0,4482.0,1114,0.17986997351312303,0.24854975457385095,0.4344052236644894,0.39094013385061366,0.41267267875755154,159,B
2021,관악구,청림동,관악구_청림동,15214.0,2729.0,654,0.17937426054949387,0.23964822279223158,0.4322892663868579,0.37693904971295955,0.40461415804990875,174,C
2021,관악구,성현동,관악구_성현동,29394.0,5374.0,1315,0.18282642716200584,0.24469668775586156,0.4470248847855849,0.3848797035752236,0.41595229418040425,150,B
2021,관악구,행운동,관악구_행운동,29413.0,4384.0,1101,0.14904973991092374,0.2511405109489051,0.30284865287917445,0.3950150952030179,0.34893187404109616,264,D
2021,관악구,낙성대동,관악구_낙성대동,17434.0,2021.0,528,0.11592290925777217,0.2612568035625928,0.1614463423722388,0.41092685820293645,0.28618660028758763,353,E
2021,관악구,청룡동,관악구_청룡동,36482.0,4552.0,1248,0.12477386108217751,0.2741652021089631,0.19922674615612523,0.4312302822162386,0.3152285141861819,309,D
2021,관악구,은천동,관악구_은천동,33631.0,5911.0,1454,0.1757604591002349,0.2459820673320927,0.4168637075705358,0.3869014575875831,0.40188258257905946,181,C
2021,관악구,중앙동,관악구_중앙동,15487.0,2351.0,676,0.15180473945890102,0.28753721820501915,0.314608404532099,0.4522629232317477,0.38343566388192335,209,C
2021,관악구,인헌동,관악구_인헌동,26154.0,4023.0,908,0.15381968341362698,0.2257022122793935,0.3232092191926807,0.3550035815974558,0.33910640039506823,279,D
2021,관악구,남현동,관악구_남현동,18274.0,2791.0,573,0.15273065557622853,0.20530275886778931,0.3185606896056868,0.32291759116513646,0.3207391403854116,301,D
2021,관악구,서원동,관악구_서원동,23278.0,3323.0,795,0.1427528138156199,0.23924164911224796,0.27597014137017595,0.3762995561469914,0.3261348487585837,296,D
2021,관악구,신원동,관악구_신원동,18675.0,3262.0,971,0.17467202141900937,0.2976701410177805,0.41221769707289524,0.4682008436192001,0.4402092703460477,119,B
2021,관악구,서림동,관악구_서림동,23689.0,3539.0,824,0.14939423361053653,0.23283413393614016,0.3043191287478249,0.36622127284756806,0.3352702007976965,286,D
2021,관악구,신사동,관악구_신사동,24838.0,3604.0,984,0.14510024961752155,0.2730299667036626,0.2859902018350914,0.42944468768985866,0.357717444762475,248,C
2021,관악구,신림동,관악구_신림동,23128.0,1992.0,625,0.08612936700103771,0.3137550200803213,0.03427221704167456,0.4935005055901486,0.2638863613159116,372,E
2021,관악구,난향동,관악구_난향동,15420.0,2721.0,609,0.1764591439688716,0.22381477398015434,0.41984605308302647,0.35203485856409594,0.3859404558235612,206,C
2021,관악구,조원동,관악구_조원동,18786.0,2881.0,750,0.15335888427552433,0.26032627559875043,0.3212422920365774,0.4094632449020101,0.36535276846929376,238,C
2021,관악구,대학동,관악구_대학동,24921.0,3055.0,826,0.12258737610850287,0.2703764320785597,0.18989370640947875,0.42527098338146546,0.3075823448954721,318,D
2021,관악구,삼성동,관악구_삼성동,22041.0,5549.0,1518,0.2517580872011252,0.2735628041088484,0.7412605784643818,0.4302827795514303,0.585771679007906,20,A
2021,관악구,미성동,관악구_미성동,31056.0,5877.0,1317,0.1892387944358578,0.22409392547217968,0.47439615847715566,0.352473931705987,0.41343504509157136,157,B
2021,관악구,난곡동,관악구_난곡동,27216.0,5450.0,1518,0.2002498530276308,0.2785321100917431,0.5213970062885903,0.43809892545520857,0.47974796587189944,73,A
2021,서초구,서초1동,서초구_서초1동,20711.0,3022.0,610,0.14591279996137319,0.20185307743216413,0.2894585836198395,0.3174916396308147,0.30347511162532714,327,D
2021,서초구,서초2동,서초구_서초2동,26595.0,3217.0,429,0.12096258695243467,0.13335405657444824,0.18295827261684697,0.2097505701267825,0.19635442137181475,411,E
2021,서초구,서초3동,서초구_서초3동,32769.0,4827.0,812,0.14730385425249473,0.16822042676610732,0.29539631708020786,0.26459135423048274,0.2799938356553453,360,E
2021,서초구,서초4동,서초구_서초4동,31089.0,4297.0,493,0.13821608929203255,0.11473120781940889,0.2566050733235079,0.18045897417466658,0.21853202374908726,403,E
2021,서초구,잠원동,서초구_잠원동,26946.0,3327.0,611,0.12346916054330884,0.18364893297264803,0.19365761481822819,0.28885861730560236,0.24125811606191527,389,E
2021,서초구,반포본동,서초구_반포본동,2000.0,282.0,3,0.141,0.010638297872340425,0.2684882326415015,0.016732817142733208,0.14261052489211737,424,E
2021,서초구,반포1동,서초구_반포1동,34815.0,4044.0,694,0.11615682895303749,0.17161226508407518,0.16244483165513815,0.26992632520359633,0.21618557842936725,405,E
2021,서초구,반포2동,서초구_반포2동,15801.0,1980.0,211,0.12530852477691284,0.10656565656565657,0.20150896513962338,0.16761550263079314,0.18456223388520826,413,E
2021,서초구,반포3동,서초구_반포3동,22245.0,3085.0,439,0.13868285007866937,0.14230145867098865,0.2585974478544594,0.22382380298607082,0.2412106254202651,391,E
2021,서초구,반포4동,서초구_반포4동,19807.0,2865.0,400,0.14464583228151665,0.13961605584642234,0.28405051548482513,0.21959997367077436,0.25182524457779976,379,E
2021,서초구,방배본동,서초구_방배본동,21083.0,3093.0,516,0.1467058767727553,0.16682832201745879,0.2928438423761955,0.2624017338154321,0.27762278809581376,362,E
2021,서초구,방배1동,서초구_방배1동,16980.0,2901.0,503,0.17084805653710247,0.17338848672871424,0.3958950528917933,0.2727201172501591,0.3343075850709762,289,D
2021,서초구,방배2동,서초구_방배2동,19474.0,3523.0,729,0.18090787716955942,0.2069259154130003,0.4388355290154705,0.3254706294416508,0.3821530792285607,210,C
2021,서초구,방배3동,서초구_방배3동,18861.0,3398.0,435,0.18016011876358623,0.12801648028251914,0.4356437124661402,0.20135517744742815,0.3184994449567842,305,D
2021,서초구,방배4동,서초구_방배4동,23817.0,3559.0,655,0.14943107864130664,0.1840404608035965,0.3044764022442286,0.28947444548414825,0.2969754238641884,339,D
2021,서초구,양재1동,서초구_양재1동,43408.0,6995.0,1433,0.1611454109841504,0.20486061472480344,0.35447918327292455,0.32222214935817706,0.3383506663155508,281,D
2021,서초구,양재2동,서초구_양재2동,22144.0,2977.0,742,0.1344382225433526,0.24924420557608332,0.24047919962783498,0.3920324252842982,0.3162558124560666,307,D
2021,서초구,내곡동,서초구_내곡동,17622.0,3286.0,603,0.1864714561343775,0.18350578210590385,0.46258373869330205,0.2886334574815593,0.37560859808743063,221,C
2021,강남구,신사동,강남구_신사동,16213.0,3032.0,518,0.1870104237340406,0.170844327176781,0.46488432895135284,0.268718447333102,0.3668013881422274,236,C
2021,강남구,논현1동,강남구_논현1동,22702.0,2966.0,700,0.13064928200158576,0.23600809170600134,0.22430605730133651,0.37121354281586144,0.297759800058599,337,D
2021,강남구,논현2동,강남구_논현2동,21331.0,3155.0,614,0.14790680230650227,0.19461172741679872,0.29797000874558355,0.30610183017749276,0.3020359194615382,330,D
2021,강남구,압구정동,강남구_압구정동,26446.0,5173.0,820,0.19560614081524616,0.15851536825826407,0.5015752598910673,0.24932641510958353,0.37545083750032543,222,C
2021,강남구,청담동,강남구_청담동,25911.0,3733.0,618,0.1440700860638339,0.1655504955799625,0.28159293521406586,0.2603918600202672,0.27099239761716654,367,E
2021,강남구,삼성1동,강남구_삼성1동,13136.0,2154.0,325,0.1639768574908648,0.15088207985143917,0.36656524977044863,0.23732013171332378,0.3019426907418862,332,D
2021,강남구,삼성2동,강남구_삼성2동,30692.0,3652.0,688,0.11898866154046657,0.18838992332968238,0.17453254614324934,0.2963156490292558,0.23542409758625255,393,E
2021,강남구,대치1동,강남구_대치1동,24199.0,2533.0,229,0.10467374684904335,0.09040663245163838,0.1134291452996691,0.14219921903453417,0.12781418216710164,425,E
2021,강남구,대치2동,강남구_대치2동,36663.0,4968.0,600,0.13550445953686277,0.12077294685990338,0.24503044619919878,0.189961933746005,0.2174961899726019,404,E
2021,강남구,대치4동,강남구_대치4동,20079.0,2105.0,452,0.1048358982021017,0.21472684085510688,0.11412129047390401,0.3377405865845361,0.22593093852922005,397,E
2021,강남구,역삼1동,강남구_역삼1동,36590.0,3706.0,930,0.10128450396283137,0.2509444144630329,0.09896211765076919,0.39470665801881727,0.24683438783479322,387,E
2021,강남구,역삼2동,강남구_역삼2동,36378.0,3665.0,684,0.10074770465666062,0.18663028649386085,0.09667078278188876,0.2935479429765823,0.19510936287923553,412,E
2021,강남구,도곡1동,강남구_도곡1동,21539.0,2974.0,457,0.13807511955058266,0.15366509751176866,0.2560033421358404,0.24169749792116108,0.24885042002850075,384,E
2021,강남구,도곡2동,강남구_도곡2동,33261.0,4895.0,674,0.14716935750578755,0.1376915219611849,0.29482221595537683,0.21657290355362718,0.25569755975450204,377,E
2021,강남구,개포1동,강남구_개포1동,6489.0,1620.0,357,0.24965325936199723,0.22037037037037038,0.7322760932660158,0.34661720844187716,0.5394466508539465,37,A
2021,강남구,개포2동,강남구_개포2동,27945.0,3640.0,510,0.13025585972445874,0.1401098901098901,0.2226267291587462,0.2203767180831401,0.22150172362094317,400,E
2021,강남구,개포4동,강남구_개포4동,23870.0,3240.0,615,0.13573523250942607,0.18981481481481483,0.24601550365503178,0.2985568392041379,0.27228617142958483,365,E
2021,강남구,세곡동,강남구_세곡동,43396.0,6564.0,1264,0.15125818047746337,0.19256550883607557,0.31227541036151873,0.3028833640510342,0.3075793872062765,319,D
2021,강남구,일원본동,강남구_일원본동,23291.0,3088.0,463,0.13258340131381222,0.14993523316062177,0.2325618709168442,0.23583085093459671,0.23419636092572044,394,E
2021,강남구,일원1동,강남구_일원1동,15214.0,3298.0,977,0.21677402392533193,0.2962401455427532,0.5919306461834202,0.4659516254561347,0.5289411358197774,41,A
2021,강남구,일원2동,강남구_일원2동,17585.0,3420.0,1033,0.19448393517202162,0.302046783625731,0.49678511040537315,0.4750847983022456,0.4859349543538094,64,A
2021,강남구,수서동,강남구_수서동,14870.0,4645.0,1904,0.312373907195696,0.40990312163616793,1.0,0.6447303941739114,0.8223651970869557,1,A
2021,송파구,풍납1동,송파구_풍납1동,13451.0,2737.0,702,0.20347929521968627,0.2564852027767629,0.5351819225815646,0.40342167980075955,0.46930180119116205,85,A
2021,송파구,풍납2동,송파구_풍납2동,24953.0,3821.0,757,0.15312788041518055,0.19811567652447004,0.32025624903322947,0.31161313850892686,0.3159346937710782,308,D
2021,송파구,거여1동,송파구_거여1동,12614.0,2414.0,590,0.19137466307277629,0.2444076222038111,0.4835131417274335,0.3844250367588996,0.4339690892431666,125,B
2021,송파구,거여2동,송파구_거여2동,18806.0,3550.0,1014,0.18876954163564819,0.2856338028169014,0.47239314675363064,0.44926907007796013,0.4608311084157954,91,B
2021,송파구,마천1동,송파구_마천1동,19071.0,4211.0,1197,0.22080646007026375,0.28425552125385894,0.6091431526811039,0.44710119194159464,0.5281221723113493,42,A
2021,송파구,마천2동,송파구_마천2동,18866.0,4058.0,1099,0.21509593978585817,0.2708230655495318,0.5847677220561145,0.42597348638422783,0.5053706042201711,54,A
2021,송파구,방이1동,송파구_방이1동,15766.0,2246.0,352,0.14245845490295572,0.15672306322350846,0.2747136664962337,0.24650732574299036,0.260610496119612,375,E
2021,송파구,방이2동,송파구_방이2동,27015.0,3544.0,843,0.1311863779381825,0.2378668171557562,0.22659865834107526,0.37413710384437493,0.3003678810927251,334,D
2021,송파구,오륜동,송파구_오륜동,18079.0,2856.0,300,0.15797333923336468,0.10504201680672269,0.3409391534598942,0.1652189927958951,0.2530790731278946,378,E
2021,송파구,오금동,송파구_오금동,38654.0,6393.0,1258,0.16539038650592436,0.1967777256374159,0.37259891688429914,0.30950869588025764,0.3410538063822784,276,D
2021,송파구,송파1동,송파구_송파1동,24176.0,3460.0,681,0.14311714096624753,0.1968208092485549,0.2775252765842431,0.3095764614378392,0.2935508690110411,343,E
2021,송파구,송파2동,송파구_송파2동,19283.0,2902.0,419,0.15049525488772494,0.14438318401102687,0.30901885248964106,0.22709811715495867,0.2680584848222999,370,E
2021,송파구,석촌동,송파구_석촌동,32169.0,4493.0,1123,0.13966862507382885,0.24994435789005118,0.26280524133204797,0.39313368422461664,0.3279694627783323,293,D
2021,송파구,삼전동,송파구_삼전동,30695.0,3988.0,1016,0.12992344029972308,0.2547642928786359,0.2212077924905462,0.4007148867601785,0.3109613396253624,313,D
2021,송파구,가락본동,송파구_가락본동,26523.0,3811.0,796,0.1436866116201033,0.20886906323799528,0.2799560695286155,0.32852697714192325,0.3042415233352694,324,D
2021,송파구,가락1동,송파구_가락1동,27365.0,3460.0,464,0.12643888178329984,0.13410404624277455,0.20633390882573538,0.21093021748481255,0.20863206315527397,408,E
2021,송파구,가락2동,송파구_가락2동,32406.0,4280.0,686,0.1320743072270567,0.1602803738317757,0.23038879613989452,0.2521025655682262,0.24124568085406034,390,E
2021,송파구,문정1동,송파구_문정1동,20198.0,2965.0,484,0.14679671254579663,0.16323777403035414,0.2932315760631036,0.2567542154218516,0.27499289574247765,363,E
2021,송파구,문정2동,송파구_문정2동,29072.0,4003.0,476,0.13769262520638414,0.1189108168873345,0.25437066001807923,0.1870330177952672,0.22070183890667322,402,E
2021,송파구,장지동,송파구_장지동,29693.0,4362.0,894,0.14690331054457278,0.20495185694635487,0.2936865910169997,0.32236566286261525,0.30802612693980747,317,D
2021,송파구,위례동,송파구_위례동,39206.0,3062.0,405,0.07810029077182064,0.13226649248856956,0.0,0.2080399570946614,0.1040199785473307,426,E
2021,송파구,잠실본동,송파구_잠실본동,28439.0,3783.0,943,0.1330215549069939,0.2492730637060534,0.2344321352678624,0.39207781579861406,0.3132549755332382,310,D
2021,송파구,잠실2동,송파구_잠실2동,35145.0,3706.0,526,0.1054488547446294,0.14193200215866164,0.11673770350360971,0.2232426904493526,0.16999019697648116,420,E
2021,송파구,잠실3동,송파구_잠실3동,34475.0,5796.0,737,0.16812182741116752,0.12715665976535542,0.3842581081621642,0.2000027788154367,0.29213044348880046,345,E
2021,송파구,잠실4동,송파구_잠실4동,21376.0,2802.0,389,0.1310815868263473,0.13882940756602427,0.22615135610775164,0.218362666538609,0.22225701132318032,399,E
2021,송파구,잠실6동,송파구_잠실6동,16905.0,2832.0,343,0.16752440106477373,0.12111581920903955,0.381707985978056,0.1905012324562161,0.28610460921713604,355,E
2021,송파구,잠실7동,송파구_잠실7동,9564.0,2156.0,247,0.22542869092429946,0.11456400742115028,0.628873205619172,0.18019598720778274,0.4045345964134774,175,C
2021,강동구,강일동,강동구_강일동,32982.0,5321.0,0,0.1613304226547814,0.0,0.35526890801212124,0.0,0.17763445400606062,417,E
2021,강동구,상일1동,강동구_상일1동,38929.0,4396.0,609,0.11292352744740425,0.13853503184713375,0.1486434418316116,0.2178996474415162,0.1832715446365639,414,E
2021,강동구,상일2동,강동구_상일2동,10200.0,1496.0,392,0.14666666666666667,0.2620320855614973,0.29267647352481924,0.41214628748357834,0.3524113805041988,259,D
2021,강동구,명일1동,강동구_명일1동,25941.0,4033.0,701,0.15546817778805752,0.1738160178527151,0.3302458390203607,0.27339257446150805,0.3018192067409344,333,D
2021,강동구,명일2동,강동구_명일2동,17568.0,2590.0,331,0.1474271402550091,0.1277992277992278,0.29592256499662417,0.2010134643162166,0.24846801465642038,385,E
2021,강동구,고덕1동,강동구_고덕1동,24417.0,2856.0,419,0.11696768644796658,0.14670868347338936,0.16590598749208907,0.23075585993826683,0.19833092371517796,410,E
2021,강동구,고덕2동,강동구_고덕2동,22329.0,2998.0,603,0.13426485736038335,0.20113408939292862,0.2397391880737572,0.31636075426431076,0.27804997116903396,361,E
2021,강동구,암사1동,강동구_암사1동,34782.0,6063.0,1593,0.17431430050025876,0.2627412172191984,0.41069076064611737,0.41326166989727126,0.4119762152716943,161,B
2021,강동구,암사2동,강동구_암사2동,15252.0,2379.0,436,0.1559795436664044,0.18327028163093737,0.3324286109694719,0.288263042361403,0.3103458266654374,314,D
2021,강동구,암사3동,강동구_암사3동,17947.0,2670.0,329,0.14877138240374435,0.12322097378277154,0.30166048021411535,0.19381239811092404,0.2477364391625197,386,E
2021,강동구,천호1동,강동구_천호1동,26973.0,5228.0,1396,0.19382345308271234,0.26702371843917366,0.49396583395678556,0.4199975510210448,0.4569816924889152,100,B
2021,강동구,천호2동,강동구_천호2동,33753.0,5913.0,1683,0.17518442805083992,0.2846270928462709,0.41440491149188236,0.4476856312556534,0.4310452713737679,131,B
2021,강동구,천호3동,강동구_천호3동,27000.0,4651.0,1348,0.17225925925925925,0.2898301440550419,0.4019187901939206,0.4558694314749538,0.4288941108344372,133,B
2021,강동구,성내1동,강동구_성내1동,20045.0,3113.0,543,0.1553005737091544,0.1744298104722133,0.32953041881444267,0.27435799955007656,0.3019442091822596,331,D
2021,강동구,성내2동,강동구_성내2동,24106.0,4371.0,1206,0.18132415166348628,0.27590940288263555,0.4406124021447677,0.4339737091212096,0.43729305563298865,121,B
2021,강동구,성내3동,강동구_성내3동,23346.0,3849.0,842,0.16486764327936262,0.21875811899194597,0.370367580575323,0.3440813227365674,0.3572244516559452,250,C
2021,강동구,길동,강동구_길동,45973.0,7986.0,1719,0.17371065625475823,0.21525169045830203,0.40811409727823583,0.3385661145536799,0.3733401059159579,227,C
2021,강동구,둔촌1동,강동구_둔촌1동,144.0,39.0,3,0.2708333333333333,0.07692307692307693,0.8226835164092802,0.12099113933976319,0.4718373278745217,82,A
2021,강동구,둔촌2동,강동구_둔촌2동,24785.0,4118.0,815,0.16614888037119224,0.19791160757649345,0.37583655788223175,0.31129216156017264,0.3435643597212022,272,D
