year,gu,dong,dong_key,total_population,elderly_population,elderly_alone,elderly_ratio,elderly_alone_ratio,elderly_ratio_score,elderly_alone_score,care_shortage_score,경로당_per_1000eld,IVI,IVI_rank,IVI_grade,IVI_v2,IVI_v2_rank,IVI_v2_grade
2021,종로구,청운효자동,종로구_청운효자동,12177.0,2165.0,514,0.177794202184446,0.2374133949191686,0.4255447665615384,0.3734239228952876,0.6011228594518383,2.300668631821123,0.399484344728413,186,C,0.45997589914544057,192,3
2021,종로구,사직동,종로구_사직동,9636.0,1774.0,490,0.1841012868410128,0.2762119503945885,0.452466640022335,0.4344495815074924,0.6011228594518383,2.300668631821123,0.4434581107649137,116,B,0.49075753537099104,150,4
2021,종로구,삼청동,종로구_삼청동,2739.0,625.0,189,0.2281854691493245,0.3024,0.6406405495783708,0.475640366972477,0.6011228594518383,2.300668631821123,0.5581404582754239,30,A,0.5710351786283482,52,5
2021,종로구,부암동,종로구_부암동,9782.0,1802.0,418,0.1842159067675322,0.2319644839067702,0.4529558966798663,0.3648534135251238,0.6011228594518383,2.300668631821123,0.4089046551024951,166,B,0.466570116407298,181,3
2021,종로구,평창동,종로구_평창동,18329.0,3435.0,703,0.1874079327841126,0.2046579330422125,0.4665811015377836,0.3219033544180774,0.6011228594518383,2.300668631821123,0.3942422279779305,194,C,0.4563064174201028,199,3
2021,종로구,무악동,종로구_무악동,8297.0,1424.0,291,0.1716282993853199,0.2043539325842696,0.399225529708294,0.3214251967151152,0.6011228594518383,2.300668631821123,0.3603253632117046,242,C,0.4325646120837447,240,3
2021,종로구,교남동,종로구_교남동,10203.0,1624.0,414,0.1591688719004214,0.2549261083743842,0.3460423003071843,0.400969403895693,0.6011228594518383,2.300668631821123,0.3735058521014387,226,C,0.4417909543065585,220,3
2021,종로구,가회동,종로구_가회동,4194.0,865.0,243,0.2062470195517405,0.2809248554913295,0.5469959901419792,0.4418624383518057,0.6011228594518383,2.300668631821123,0.4944292142468924,60,A,0.5264373078083762,102,4
2021,종로구,종로1.2.3.4가동,종로구_종로1.2.3.4가동,8595.0,1960.0,1215,0.2280395578824898,0.6198979591836735,0.6400177254248784,0.9750280846283468,0.6011228594518383,2.300668631821123,0.8075229050266126,4,A,0.7456028913541803,4,5
2021,종로구,종로5.6가동,종로구_종로5.6가동,5476.0,1057.0,446,0.1930241051862673,0.4219489120151372,0.4905538069917058,0.6636770349025042,0.6011228594518383,2.300668631821123,0.577115420947105,24,A,0.584317652498525,39,5
2021,종로구,이화동,종로구_이화동,7705.0,1360.0,430,0.1765087605451006,0.3161764705882353,0.4200578420884909,0.4973091683156442,0.6011228594518383,2.300668631821123,0.4586835052020676,95,B,0.5014153114769988,137,4
2021,종로구,혜화동,종로구_혜화동,18960.0,2695.0,708,0.1421413502109704,0.262708719851577,0.2733601009653567,0.4132105552813285,0.6011228594518383,2.300668631821123,0.3432853281233426,273,D,0.42063658752189126,260,2
2021,종로구,창신1동,종로구_창신1동,5631.0,1231.0,602,0.2186112591014029,0.4890333062550772,0.5997729085948516,0.7691930596856107,0.6011228594518383,2.300668631821123,0.6844829841402311,10,A,0.6594749467337133,20,5
2021,종로구,창신2동,종로구_창신2동,9051.0,1752.0,587,0.1935697712959894,0.3350456621004566,0.4928829899276741,0.5269882330489343,0.6011228594518383,2.300668631821123,0.5099356114883042,51,A,0.5372917858773645,90,4
2021,종로구,창신3동,종로구_창신3동,6733.0,1201.0,285,0.1783751670874795,0.2373022481265612,0.4280246228590668,0.3732491017933577,0.6011228594518383,2.300668631821123,0.4006368623262122,184,C,0.4607826614639,190,3
2021,종로구,숭인1동,종로구_숭인1동,6106.0,1192.0,378,0.1952178185391418,0.3171140939597315,0.4999177011696373,0.4987839418755003,0.6011228594518383,2.300668631821123,0.4993508215225688,57,A,0.5298824329013496,97,4
2021,종로구,숭인2동,종로구_숭인2동,10175.0,1656.0,660,0.1627518427518427,0.3985507246376811,0.3613362583128463,0.6268743813618165,0.6011228594518383,2.300668631821123,0.4941053198373314,61,A,0.5262105817216834,104,4
2021,중구,소공동,중구_소공동,3367.0,292.0,79,0.0867240867240867,0.2705479452054795,0.0368107859685868,0.4255407537737561,0.7190548466398963,2.049852410626435,0.2311757698711715,395,E,0.3775394929017889,322,2
2021,중구,회현동,중구_회현동,5432.0,1373.0,578,0.252761413843888,0.4209759650400582,0.7455432913796404,0.6621467013830885,0.7190548466398963,2.049852410626435,0.7038449963813644,8,A,0.7084079514589239,9,5
2021,중구,명동,중구_명동,3742.0,764.0,215,0.2041688936397648,0.281413612565445,0.5381254824693791,0.4426311969301545,0.7190548466398963,2.049852410626435,0.4903783396997668,62,A,0.5589812917818056,62,5
2021,중구,필동,중구_필동,4679.0,901.0,355,0.192562513357555,0.3940066592674806,0.4885834962253533,0.6197270899589424,0.7190548466398963,2.049852410626435,0.5541552930921478,32,A,0.6036251591564723,29,5
2021,중구,장충동,중구_장충동,5301.0,861.0,267,0.1624221844934918,0.3101045296167247,0.3599291077195226,0.4877587045857352,0.7190548466398963,2.049852410626435,0.4238439061526289,138,B,0.512407188298809,123,4
2021,중구,광희동,중구_광희동,6340.0,1123.0,443,0.1771293375394321,0.3944790739091718,0.422706783116527,0.6204701437735496,0.7190548466398963,2.049852410626435,0.5215884634450383,46,A,0.5808283784034955,44,5
2021,중구,을지로동,중구_을지로동,1914.0,472.0,274,0.2466039707419017,0.5805084745762712,0.7192601648544343,0.9130729625598232,0.7190548466398963,2.049852410626435,0.8161665637071287,2,A,0.787033048586959,2,5
2021,중구,신당동,중구_신당동,9095.0,1471.0,561,0.1617372182517867,0.3813732154996601,0.357005320345763,0.5998561381406478,0.7190548466398963,2.049852410626435,0.4784307292432054,74,A,0.5506179644622127,74,5
2021,중구,다산동,중구_다산동,14274.0,2762.0,713,0.1934986689085049,0.2581462708182476,0.4925794884554649,0.406034348493941,0.7190548466398963,2.049852410626435,0.4493069184747029,111,B,0.5302312969242609,96,4
2021,중구,약수동,중구_약수동,16889.0,3823.0,1097,0.2263603528924151,0.2869474234894062,0.6328500169321031,0.4513352440817061,0.7190548466398963,2.049852410626435,0.5420926305069046,36,A,0.5951812953468021,35,5
2021,중구,청구동,중구_청구동,13818.0,2721.0,783,0.1969170646982197,0.2877618522601984,0.5071709556547835,0.4526162467252662,0.7190548466398963,2.049852410626435,0.4798936011900249,72,A,0.5516419748249863,71,5
2021,중구,신당5동,중구_신당5동,10708.0,1824.0,586,0.1703399327605528,0.3212719298245614,0.3937261198966656,0.5053237387556557,0.7190548466398963,2.049852410626435,0.4495249293261607,109,B,0.5303839045202814,95,4
2021,중구,동화동,중구_동화동,10433.0,1894.0,357,0.1815393463049937,0.1884899683210137,0.4415309632904587,0.2964730082765792,0.7190548466398963,2.049852410626435,0.3690019857835189,233,C,0.4740178440404321,171,3
2021,중구,황학동,중구_황학동,13444.0,2034.0,649,0.1512942576614103,0.3190757128810226,0.3124294062937011,0.501869342482587,0.7190548466398963,2.049852410626435,0.407149374388144,170,B,0.5007210160636697,139,4
2021,중구,중림동,중구_중림동,12351.0,2077.0,596,0.1681645210914096,0.2869523350987,0.3844403466954391,0.4513429694773641,0.7190548466398963,2.049852410626435,0.4178916580864016,147,B,0.50824061465245,130,4
2021,용산구,후암동,용산구_후암동,17308.0,3026.0,967,0.1748324474231569,0.3195637805684071,0.4129024775727075,0.5026370167350175,0.5636605554833467,2.3803429741489635,0.4577697471538625,97,B,0.48953698965270775,153,4
2021,용산구,용산2가동,용산구_용산2가동,10775.0,2041.0,586,0.1894199535962877,0.2871141597256247,0.4751694387261024,0.4515975009751671,0.5636605554833467,2.3803429741489635,0.4633834698506347,88,B,0.49346659554044836,148,4
2021,용산구,남영동,용산구_남영동,7825.0,1543.0,981,0.1971884984025559,0.6357744653272845,0.5083295739767251,1.0,0.5636605554833467,2.3803429741489635,0.7541647869883625,6,A,0.6970135175368577,15,5
2021,용산구,청파동,용산구_청파동,20076.0,3295.0,1037,0.1641263199840605,0.3147192716236722,0.3672032323801734,0.4950171621970706,0.5636605554833467,2.3803429741489635,0.431110197288622,130,B,0.4708753047470394,174,3
2021,용산구,원효로1동,용산구_원효로1동,16577.0,1980.0,546,0.119442601194426,0.2757575757575757,0.1764701935014483,0.4337349025422419,0.5636605554833467,2.3803429741489635,0.3051025480218451,323,D,0.3826699502602956,313,2
2021,용산구,원효로2동,용산구_원효로2동,13875.0,2302.0,547,0.1659099099099099,0.237619461337967,0.3748165093384386,0.3737480416355586,0.5636605554833467,2.3803429741489635,0.3742822754869986,225,C,0.43109575948590295,244,3
2021,용산구,효창동,용산구_효창동,10156.0,1489.0,327,0.1466128397006695,0.2196104768300873,0.2924467124154857,0.345421983434072,0.5636605554833467,2.3803429741489635,0.3189343479247789,304,D,0.3923522101923492,297,2
2021,용산구,용문동,용산구_용문동,11985.0,2148.0,507,0.1792240300375469,0.2360335195530726,0.431648005479035,0.3712535378903068,0.5636605554833467,2.3803429741489635,0.4014507716846709,183,C,0.45011370682427365,206,3
2021,용산구,한강로동,용산구_한강로동,23411.0,3239.0,907,0.138353765323993,0.280024698981167,0.2571927452690817,0.4404465958490731,0.5636605554833467,2.3803429741489635,0.3488196705590775,266,D,0.41327193603635815,274,2
2021,용산구,이촌1동,용산구_이촌1동,26632.0,4342.0,864,0.1630369480324421,0.1989866421004145,0.3625532339371248,0.312983067034597,0.5636605554833467,2.3803429741489635,0.3377681504858609,282,D,0.40553587198510666,284,2
2021,용산구,이촌2동,용산구_이촌2동,8374.0,1793.0,445,0.2141151182230714,0.2481873954266592,0.5805810723694841,0.3903701846517178,0.5636605554833467,2.3803429741489635,0.4854756285106009,65,A,0.5089311066024247,128,4
2021,용산구,이태원1동,용산구_이태원1동,8126.0,1393.0,398,0.1714250553777996,0.2857142857142857,0.3983579800002953,0.4493956604048347,0.5636605554833467,2.3803429741489635,0.423876820202565,137,B,0.46581194078679944,182,3
2021,용산구,이태원2동,용산구_이태원2동,10604.0,1851.0,521,0.1745567710298,0.2814694759589411,0.4117257492771146,0.4427190636132988,0.5636605554833467,2.3803429741489635,0.4272224064452067,134,B,0.46815385115664865,179,3
2021,용산구,한남동,용산구_한남동,22941.0,3759.0,1125,0.1638551065777429,0.2992817238627294,0.3660455544032093,0.4707356777983603,0.5636605554833467,2.3803429741489635,0.4183906161007848,146,B,0.4619715979155533,188,3
2021,용산구,서빙고동,용산구_서빙고동,13912.0,2161.0,531,0.155333525014376,0.2457195742711707,0.3296710718923465,0.3864885862389566,0.5636605554833467,2.3803429741489635,0.3580798290656516,247,C,0.4197540469909601,261,2
2021,용산구,보광동,용산구_보광동,14708.0,2708.0,881,0.1841174870818602,0.3253323485967503,0.4525357909625674,0.5117103097704239,0.5636605554833467,2.3803429741489635,0.4821230503664956,70,A,0.5065843019015509,132,4
2021,성동구,왕십리2동,성동구_왕십리2동,16819.0,2552.0,622,0.1517331589274035,0.2437304075235109,0.3143028620959077,0.3833598560741869,0.0,3.5791289348857265,0.3488313590850473,265,D,0.24418195135953308,418,1
2021,성동구,왕십리도선동,성동구_왕십리도선동,26910.0,3801.0,928,0.1412486064659977,0.2441462772954485,0.2695494125976259,0.384013971321995,0.0,3.5791289348857265,0.3267816919598104,294,D,0.22874718437186728,421,1
2021,성동구,마장동,성동구_마장동,22991.0,3925.0,1020,0.1707189769909964,0.2598726114649681,0.3953440751586777,0.4087496834764993,0.0,3.5791289348857265,0.4020468793175885,179,C,0.2814328155223119,402,1
2021,성동구,사근동,성동구_사근동,13505.0,1508.0,406,0.1116623472787856,0.2692307692307692,0.1432600777641156,0.4234689876891711,0.0,3.5791289348857265,0.2833645327266434,356,E,0.19835517290865032,426,1
2021,성동구,행당1동,성동구_행당1동,14193.0,2135.0,496,0.1504262664693863,0.2323185011709602,0.3087243745224174,0.3654102419029476,0.0,3.5791289348857265,0.3370673082126825,284,D,0.23594711574887772,420,1
2021,성동구,행당2동,성동구_행당2동,23376.0,3837.0,820,0.1641427104722792,0.2137086265311441,0.3672731953938021,0.3361390527396079,0.0,3.5791289348857265,0.351706124066705,261,D,0.2461942868466935,417,1
2021,성동구,응봉동,성동구_응봉동,15458.0,2548.0,522,0.1648337430456721,0.2048665620094191,0.3702228769838219,0.3222315037518183,0.0,3.5791289348857265,0.3462271903678201,270,D,0.24235903325747404,419,1
2021,성동구,금호1가동,성동구_금호1가동,15315.0,2637.0,676,0.1721841332027424,0.2563519150549867,0.4015981136377484,0.4032120335676294,0.0,3.5791289348857265,0.4024050736026889,178,C,0.2816835515218822,401,1
2021,성동구,금호2.3가동,성동구_금호2.3가동,22909.0,3887.0,891,0.169671308219477,0.2292256238744533,0.3908720872860705,0.3605455021796956,0.0,3.5791289348857265,0.3757087947328831,220,C,0.2629961563130181,409,1
2021,성동구,금호4가동,성동구_금호4가동,14452.0,2406.0,613,0.1664821477996125,0.2547797173732335,0.3772591142652658,0.400739147713455,0.0,3.5791289348857265,0.3889991309893604,201,C,0.27229939169255224,405,1
2021,성동구,옥수동,성동구_옥수동,26309.0,4097.0,799,0.1557261773537572,0.1950207468879668,0.3313471135455848,0.3067451706912668,0.0,3.5791289348857265,0.3190461421184258,303,D,0.22333229948289807,423,1
2021,성동구,성수1가1동,성동구_성수1가1동,16814.0,2292.0,531,0.1363149756155584,0.231675392670157,0.2484901446964859,0.3643987063099412,0.0,3.5791289348857265,0.3064444255032136,320,D,0.21451109785224948,424,1
2021,성동구,성수1가2동,성동구_성수1가2동,12874.0,1943.0,410,0.1509243436383408,0.2110138960370561,0.3108504234414445,0.3319005520745948,0.0,3.5791289348857265,0.3213754877580196,300,D,0.22496284143061374,422,1
2021,성동구,성수2가1동,성동구_성수2가1동,16279.0,2899.0,818,0.1780821917808219,0.2821662642290445,0.4267740539254845,0.4438150313001179,0.0,3.5791289348857265,0.4352945426128012,123,B,0.3047061798289608,387,1
2021,성동구,성수2가3동,성동구_성수2가3동,10985.0,1913.0,437,0.1741465634956759,0.2284370099320439,0.4099747730451946,0.3593051032876083,0.0,3.5791289348857265,0.3846399381664014,208,C,0.26924795671648094,407,1
2021,성동구,송정동,성동구_송정동,10915.0,1820.0,535,0.1667430142006413,0.2939560439560439,0.3783726259146392,0.4623589967626664,0.0,3.5791289348857265,0.4203658113386528,142,B,0.29425606793705694,394,1
2021,성동구,용답동,성동구_용답동,12568.0,2180.0,707,0.1734563971992361,0.3243119266055045,0.4070287891696948,0.5101053035191575,0.0,3.5791289348857265,0.4585670463444261,96,B,0.3209969324410983,376,1
2021,광진구,화양동,광진구_화양동,26034.0,2328.0,671,0.0894215256971652,0.2882302405498281,0.0483248395536819,0.4533529675518704,0.7829118758376332,1.9140421089263964,0.2508389035527761,381,E,0.4104607952382332,277,2
2021,광진구,군자동,광진구_군자동,21500.0,3015.0,853,0.1402325581395349,0.2829187396351575,0.2652123970088771,0.4449985884373579,0.7829118758376332,1.9140421089263964,0.3551054927231175,253,C,0.4834474076574722,159,4
2021,광진구,중곡1동,광진구_중곡1동,15862.0,2537.0,666,0.159941999747825,0.2625147812376823,0.3493424066495252,0.4129055121811863,0.7829118758376332,1.9140421089263964,0.3811239594153557,213,C,0.5016603343420389,136,4
2021,광진구,중곡2동,광진구_중곡2동,21739.0,3291.0,766,0.1513869083214499,0.232756001215436,0.3128248868495312,0.3660983790778979,0.7829118758376332,1.9140421089263964,0.3394616329637145,278,D,0.4724967058258901,173,3
2021,광진구,중곡3동,광진구_중곡3동,16357.0,2863.0,852,0.1750320963501864,0.2975899406217254,0.4137546816325462,0.4680746976343755,0.7829118758376332,1.9140421089263964,0.4409146896334608,117,B,0.5435138454947126,82,5
2021,광진구,중곡4동,광진구_중곡4동,28954.0,5150.0,1236,0.17786834288872,0.24,0.4258612371287567,0.3774923547400611,0.7829118758376332,1.9140421089263964,0.4016767959344089,182,C,0.5160473199053761,119,4
2021,광진구,능동,광진구_능동,11619.0,1637.0,366,0.1408899216800068,0.2235797189981674,0.268018361890909,0.3516651441530808,0.7829118758376332,1.9140421089263964,0.3098417530219949,316,D,0.4517627898666864,205,3
2021,광진구,광장동,광진구_광장동,34834.0,3805.0,562,0.1092323591892978,0.147700394218134,0.1328876417784466,0.2323157067059947,0.7829118758376332,1.9140421089263964,0.1826016742422206,415,E,0.3626947347208444,339,2
2021,광진구,자양1동,광진구_자양1동,23134.0,3479.0,977,0.1503847151378922,0.2808278240873814,0.308547012119735,0.4417098191303053,0.7829118758376332,1.9140421089263964,0.3751284156250202,224,C,0.49746345368880407,146,4
2021,광진구,자양2동,광진구_자양2동,24930.0,4022.0,803,0.1613317288407541,0.1996519144704127,0.3552744834840529,0.3140294638408224,0.7829118758376332,1.9140421089263964,0.3346519736624377,287,D,0.4691299443149963,178,3
2021,광진구,자양3동,광진구_자양3동,28330.0,4262.0,764,0.1504412283798094,0.1792585640544345,0.3087882396330153,0.2819530727176274,0.7829118758376332,1.9140421089263964,0.2953706561753214,341,E,0.4416330220740149,223,3
2021,광진구,자양4동,광진구_자양4동,21296.0,3732.0,1075,0.175244177310293,0.2880493033226152,0.4146599519883973,0.4530683741353672,0.7829118758376332,1.9140421089263964,0.4338641630618822,126,B,0.5385784768946076,86,4
2021,광진구,구의1동,광진구_구의1동,22139.0,3120.0,802,0.1409277745155607,0.257051282051282,0.2681799372152315,0.4043120572937086,0.7829118758376332,1.9140421089263964,0.33624599725447,285,D,0.470245760829419,176,3
2021,광진구,구의2동,광진구_구의2동,27008.0,4355.0,1008,0.1612485189573459,0.2314580941446613,0.3549193010069207,0.3640569207596456,0.7829118758376332,1.9140421089263964,0.3594881108832832,244,C,0.48651524036958815,154,4
2021,광진구,구의3동,광진구_구의3동,28891.0,4127.0,758,0.1428472534699387,0.1836685243518294,0.2763732582715173,0.2888894322883514,0.7829118758376332,1.9140421089263964,0.2826313452799344,357,E,0.432715504447244,239,3
2021,동대문구,용신동,동대문구_용신동,33055.0,5732.0,1973,0.1734079564362426,0.3442079553384508,0.4068220191384255,0.5413994649207232,0.6247560461572095,2.250405876774204,0.4741107420295744,78,A,0.5193043332678648,118,4
2021,동대문구,제기동,동대문구_제기동,26577.0,5787.0,1931,0.2177446664409075,0.3336789355451875,0.5960738464737143,0.5248385296087913,0.6247560461572095,2.250405876774204,0.5604561880412529,29,A,0.5797461454760398,45,5
2021,동대문구,전농1동,동대문구_전농1동,29699.0,5651.0,1852,0.190275766860837,0.3277296053795788,0.4788224888544655,0.515480918553201,0.6247560461572095,2.250405876774204,0.4971517037038332,59,A,0.5354330064398461,92,4
2021,동대문구,전농2동,동대문구_전농2동,18876.0,3662.0,803,0.1940029667302394,0.2192790824685964,0.4947320903123553,0.3449007382762938,0.6247560461572095,2.250405876774204,0.4198164142943246,144,B,0.48129830385319006,163,4
2021,동대문구,답십리1동,동대문구_답십리1동,29373.0,4070.0,944,0.1385626255404623,0.2319410319410319,0.2580842678385351,0.3648165262844162,0.6247560461572095,2.250405876774204,0.3114503970614756,312,D,0.40544209179019575,285,2
2021,동대문구,답십리2동,동대문구_답십리2동,28595.0,5562.0,1306,0.1945095296380486,0.2348076231571377,0.4968943607188215,0.3693253440687701,0.6247560461572095,2.250405876774204,0.4331098523937958,127,B,0.4906037105228199,151,4
2021,동대문구,장안1동,동대문구_장안1동,38794.0,6516.0,1492,0.1679641181626024,0.2289748311847759,0.3835849241691373,0.3601510341672877,0.6247560461572095,2.250405876774204,0.3718679791682125,228,C,0.44773439926491165,210,3
2021,동대문구,장안2동,동대문구_장안2동,32791.0,5211.0,1209,0.1589155560977097,0.2320092112838226,0.3449610184856181,0.3649237645371441,0.6247560461572095,2.250405876774204,0.3549423915113811,255,C,0.4358864879051296,231,3
2021,동대문구,청량리동,동대문구_청량리동,19280.0,5226.0,1849,0.271058091286307,0.3538078836586299,0.8236428986752159,0.5564990463662242,0.6247560461572095,2.250405876774204,0.69007097252072,9,A,0.6704764946116668,19,5
2021,동대문구,회기동,동대문구_회기동,12727.0,1549.0,456,0.121709750923234,0.2943834732085216,0.1861475518118525,0.4630312937418439,0.6247560461572095,2.250405876774204,0.3245894227768482,298,D,0.4146394097909566,268,2
2021,동대문구,휘경1동,동대문구_휘경1동,16105.0,2106.0,500,0.1307668425954672,0.2374169040835707,0.2248078662360173,0.3734294424066764,0.6247560461572095,2.250405876774204,0.2991186543213469,335,D,0.3968098718721056,293,2
2021,동대문구,휘경2동,동대문구_휘경2동,24847.0,3992.0,908,0.1606632591459733,0.2274549098196392,0.3524211118368962,0.3577603729375162,0.6247560461572095,2.250405876774204,0.3550907423872061,254,C,0.43599033351820715,230,3
2021,동대문구,이문1동,동대문구_이문1동,20870.0,3157.0,831,0.1512697652132247,0.263224580297751,0.312324859957842,0.4140219443419264,0.6247560461572095,2.250405876774204,0.3631734021498842,241,C,0.4416481953520818,222,3
2021,동대문구,이문2동,동대문구_이문2동,20417.0,3990.0,986,0.1954253808101092,0.2471177944862155,0.5008036834417163,0.3886878255782167,0.6247560461572095,2.250405876774204,0.4447457545099665,114,B,0.4987488420041394,143,4
2021,중랑구,면목2동,중랑구_면목2동,24405.0,4566.0,1455,0.1870928088506453,0.3186596583442838,0.4652359909005828,0.5012149366210294,0.7907987104238411,1.8972684913925393,0.4832254637608061,68,A,0.5754974377597166,47,5
2021,중랑구,면목4동,중랑구_면목4동,19308.0,3826.0,1045,0.1981562046819971,0.2731312075274438,0.5124602409046232,0.4296039278438794,0.7907987104238411,1.8972684913925393,0.4710320843742513,83,A,0.5669620721891282,56,5
2021,중랑구,면목5동,중랑구_면목5동,14897.0,2225.0,527,0.1493589313284554,0.2368539325842696,0.3041684404944056,0.3725439530861651,0.7907987104238411,1.8972684913925393,0.3383561967902854,280,D,0.4740889508803521,170,4
2021,중랑구,면목본동,중랑구_면목본동,34188.0,6099.0,1889,0.1783959283959283,0.3097229053943269,0.4281132427760925,0.4871584536426569,0.7907987104238411,1.8972684913925393,0.4576358482093747,98,B,0.5575847068737145,63,5
2021,중랑구,면목7동,중랑구_면목7동,22070.0,4315.0,1063,0.1955142727684639,0.2463499420625724,0.5011831199301766,0.3874800821636587,0.7907987104238411,1.8972684913925393,0.4443316010469177,115,B,0.5482717338599947,78,5
2021,중랑구,면목3.8동,중랑구_면목3.8동,25154.0,5013.0,1443,0.1992923590681402,0.2878515858767205,0.5173099307821528,0.4527573873677674,0.7907987104238411,1.8972684913925393,0.4850336590749601,67,A,0.5767631744796244,46,5
2021,중랑구,상봉1동,중랑구_상봉1동,24190.0,3796.0,958,0.156924348904506,0.2523709167544784,0.3364615245024757,0.3969503818064834,0.7907987104238411,1.8972684913925393,0.3667059531544795,237,C,0.49393378033528795,147,4
2021,중랑구,상봉2동,중랑구_상봉2동,20647.0,3044.0,955,0.1474306194604543,0.3137319316688567,0.2959374160306343,0.4934641901784362,0.7907987104238411,1.8972684913925393,0.3947008031045352,193,C,0.513530175300327,122,4
2021,중랑구,중화1동,중랑구_중화1동,19784.0,3701.0,864,0.1870703598867772,0.2334504188057281,0.4651401672042962,0.3671906179584491,0.7907987104238411,1.8972684913925393,0.4161653925813726,149,B,0.5285553879341132,98,4
2021,중랑구,중화2동,중랑구_중화2동,25315.0,5043.0,1676,0.1992099545723879,0.3323418600039658,0.5169581861127777,0.5227354637982867,0.7907987104238411,1.8972684913925393,0.5198468249555321,47,A,0.6011323905960249,32,5
2021,중랑구,묵1동,중랑구_묵1동,34636.0,5945.0,1113,0.1716422219655849,0.1872161480235492,0.3992849584244997,0.2944694356782226,0.7907987104238411,1.8972684913925393,0.3468771970513611,268,D,0.4800536510631051,164,4
2021,중랑구,묵2동,중랑구_묵2동,18946.0,3612.0,962,0.190647102290721,0.2663344407530454,0.480407539000326,0.418913396617685,0.7907987104238411,1.8972684913925393,0.4496604678090056,108,B,0.5520019405934562,69,5
2021,중랑구,망우본동,중랑구_망우본동,32469.0,6205.0,1810,0.1911053620376359,0.2917002417405318,0.4823636267318859,0.4588108797203268,0.7907987104238411,1.8972684913925393,0.4705872532261064,84,A,0.5666506903854267,57,5
2021,중랑구,망우3동,중랑구_망우3동,16698.0,3394.0,1106,0.2032578751946341,0.3258691809074838,0.5342367883046788,0.5125546851582543,0.7907987104238411,1.8972684913925393,0.5233957367314666,45,A,0.6036166288391789,30,5
2021,중랑구,신내1동,중랑구_신내1동,38649.0,6797.0,1260,0.1758648347952081,0.1853759011328527,0.4173092365915434,0.2915749392945889,0.7907987104238411,1.8972684913925393,0.3544420879430662,256,D,0.4853490746872986,157,4
2021,중랑구,신내2동,중랑구_신내2동,20529.0,4101.0,1134,0.1997661844220371,0.2765179224579371,0.5193324605109788,0.4349308403186513,0.7907987104238411,1.8972684913925393,0.4771316504148151,76,A,0.5712317684175228,51,5
2021,성북구,성북동,성북구_성북동,17026.0,3076.0,793,0.1806648654998238,0.2578023407022106,0.4377982305204665,0.4054933860382375,0.5311415018246891,2.4495040758141586,0.421645808279352,141,B,0.4544945163429531,200,3
2021,성북구,삼선동,성북구_삼선동,23413.0,3948.0,1068,0.1686242685687438,0.270516717325228,0.3864027848237787,0.4254916359152158,0.5311415018246891,2.4495040758141586,0.4059472103694973,172,C,0.44350549780605475,218,3
2021,성북구,동선동,성북구_동선동,16115.0,2280.0,678,0.141483090288551,0.2973684210526315,0.2705503098652423,0.4677262728687161,0.5311415018246891,2.4495040758141586,0.3691382913669792,232,C,0.41773925450429217,265,2
2021,성북구,돈암1동,성북구_돈암1동,14791.0,2882.0,679,0.1948482185112568,0.2356002775850104,0.4983400586099379,0.3705720981790734,0.5311415018246891,2.4495040758141586,0.4344560783945057,124,B,0.4634617054235607,186,3
2021,성북구,돈암2동,성북구_돈암2동,23913.0,3495.0,574,0.1461548111905658,0.1642346208869814,0.2904916117212828,0.2583221407019493,0.5311415018246891,2.4495040758141586,0.2744068762116161,364,E,0.3514272638955379,353,1
2021,성북구,안암동,성북구_안암동,16527.0,2112.0,621,0.1277908876384098,0.2940340909090909,0.212104963525569,0.4624817556296913,0.5311415018246891,2.4495040758141586,0.3372933595776302,283,D,0.3954478022517478,295,2
2021,성북구,보문동,성북구_보문동,15766.0,2415.0,705,0.1531777242166687,0.2919254658385093,0.320469007952689,0.4591651312832006,0.5311415018246891,2.4495040758141586,0.3898170696179448,200,C,0.4322143992799681,241,3
2021,성북구,정릉1동,성북구_정릉1동,18377.0,3118.0,637,0.1696686074985035,0.2042976266837716,0.3908605592232236,0.3213366340194288,0.5311415018246891,2.4495040758141586,0.3560985966213262,252,C,0.40861146818233507,281,2
2021,성북구,정릉2동,성북구_정릉2동,23268.0,4448.0,998,0.1911638301529998,0.2243705035971223,0.4826131986480771,0.3529089572378794,0.5311415018246891,2.4495040758141586,0.4177610779429782,148,B,0.4517752051074915,204,3
2021,성북구,정릉3동,성북구_정릉3동,16210.0,3279.0,974,0.2022825416409623,0.2970417810308021,0.5300735642568329,0.4672125057395796,0.5311415018246891,2.4495040758141586,0.4986430349982063,58,A,0.5083925750461511,129,4
2021,성북구,정릉4동,성북구_정릉4동,25322.0,4855.0,1161,0.191730511018087,0.23913491246138,0.4850320833425529,0.3761316716900197,0.5311415018246891,2.4495040758141586,0.4305818775162863,132,B,0.46074976480880714,191,3
2021,성북구,길음1동,성북구_길음1동,35615.0,4615.0,859,0.129580233047873,0.1861321776814734,0.2197428078410198,0.2927644751911453,0.5311415018246891,2.4495040758141586,0.2562536415160825,376,E,0.3387199996086645,363,1
2021,성북구,길음2동,성북구_길음2동,16780.0,2559.0,668,0.152502979737783,0.2610394685423994,0.3175888523073991,0.4105850152506852,0.5311415018246891,2.4495040758141586,0.3640869337790421,240,C,0.4142033041927362,270,2
2021,성북구,종암동,성북구_종암동,40325.0,6760.0,1685,0.1676379417234965,0.2492603550295858,0.3821926357668628,0.3920578265144249,0.5311415018246891,2.4495040758141586,0.3871252311406439,202,C,0.4303301123458574,249,3
2021,성북구,월곡1동,성북구_월곡1동,26525.0,4738.0,1079,0.1786239396795476,0.2277332207682566,0.4290865119264977,0.3581981240014474,0.5311415018246891,2.4495040758141586,0.3936423179639726,195,C,0.4348920731221875,234,3
2021,성북구,월곡2동,성북구_월곡2동,19896.0,3619.0,890,0.1818958584640128,0.2459242884774799,0.4430527401104915,0.3868105781047417,0.5311415018246891,2.4495040758141586,0.4149316591076166,154,B,0.4497946119227383,207,3
2021,성북구,장위1동,성북구_장위1동,24511.0,4067.0,1058,0.1659255028354616,0.260142611261372,0.3748830679453774,0.4091743620553486,0.5311415018246891,2.4495040758141586,0.392028715000363,198,C,0.4337625510476608,235,3
2021,성북구,장위2동,성북구_장위2동,13953.0,3118.0,817,0.223464487923744,0.2620269403463758,0.6204889793860241,0.4121381946528623,0.5311415018246891,2.4495040758141586,0.5163135870194432,48,A,0.5207619614610169,114,4
2021,성북구,장위3동,성북구_장위3동,15980.0,2128.0,460,0.1331664580725907,0.2161654135338346,0.2350506563280173,0.3400032957010263,0.5311415018246891,2.4495040758141586,0.2875269760145218,352,E,0.36061133375757193,347,1
2021,성북구,석관동,성북구_석관동,35829.0,7197.0,1821,0.2008708029808255,0.2530220925385577,0.5240475392964186,0.3979746063068242,0.5311415018246891,2.4495040758141586,0.4610110728016214,90,B,0.4820502015085416,162,4
2021,강북구,삼양동,강북구_삼양동,23802.0,4945.0,2073,0.2077556507856482,0.419211324570273,0.5534356023225419,0.6593711251905516,0.9300810747222426,1.601044564997746,0.6064033637565467,16,A,0.7035066770462555,11,5
2021,강북구,미아동,강북구_미아동,21997.0,4524.0,1903,0.2056644087830158,0.4206454465075154,0.5445091084451917,0.6616268338033602,0.9300810747222426,1.601044564997746,0.6030679711242759,18,A,0.7011719022036659,13,5
2021,강북구,송중동,강북구_송중동,30035.0,6013.0,2058,0.2001997669385716,0.3422584400465657,0.5211832131614611,0.5383331019284923,0.9300810747222426,1.601044564997746,0.5297581575449767,40,A,0.6498550326981564,22,5
2021,강북구,송천동,강북구_송천동,26801.0,6173.0,2659,0.2303272265960225,0.4307468005831848,0.6497826692903181,0.677515100203725,0.9300810747222426,1.601044564997746,0.6636488847470216,11,A,0.7435785417395878,5,5
2021,강북구,삼각산동,강북구_삼각산동,31470.0,4504.0,1507,0.1431204321576104,0.3345914742451154,0.2775393250776805,0.5262738478697381,0.9300810747222426,1.601044564997746,0.4019065864737092,180,C,0.5603589329482692,61,5
2021,강북구,번1동,강북구_번1동,18717.0,3657.0,1469,0.1953838756210931,0.4016953787257314,0.5006265179988054,0.6318205600140709,0.9300810747222426,1.601044564997746,0.5662235390064382,26,A,0.6753807997211795,18,5
2021,강북구,번2동,강북구_번2동,15932.0,4001.0,1798,0.2511298016570424,0.4493876530867283,0.7385787333907734,0.7068350139784116,0.9300810747222426,1.601044564997746,0.7227068736845925,7,A,0.7849191339958875,3,5
2021,강북구,번3동,강북구_번3동,16905.0,4669.0,2299,0.2761904761904762,0.4923966588134504,0.8455505508577948,0.7744832258401162,0.9300810747222426,1.601044564997746,0.8100168883489556,3,A,0.8460361442609415,1,5
2021,강북구,수유1동,강북구_수유1동,20849.0,4432.0,1802,0.212576142740659,0.4065884476534296,0.5740119353667587,0.6395167938116635,0.9300810747222426,1.601044564997746,0.6067643645892111,15,A,0.7037593776291204,10,5
2021,강북구,수유2동,강북구_수유2동,21421.0,4936.0,1602,0.2304280845898884,0.3245542949756888,0.6502131829580775,0.5104865210473882,0.9300810747222426,1.601044564997746,0.5803498520027328,23,A,0.6852692188185857,16,5
2021,강북구,수유3동,강북구_수유3동,23393.0,4637.0,1883,0.1982216902492198,0.406081518222989,0.5127397669059816,0.6387194522100632,0.9300810747222426,1.601044564997746,0.5757296095580224,25,A,0.6820350491072884,17,5
2021,강북구,우이동,강북구_우이동,20678.0,4864.0,1674,0.2352258438920592,0.3441611842105263,0.6706924813759161,0.5413258993239981,0.9300810747222426,1.601044564997746,0.6060091903499571,17,A,0.7032307556616427,12,5
2021,강북구,인수동,강북구_인수동,30563.0,6978.0,2468,0.2283152831855511,0.353683003725996,0.6411946624921856,0.5563026246169335,0.9300810747222426,1.601044564997746,0.5987486435545595,19,A,0.6981483729048644,14,5
2021,도봉구,창1동,도봉구_창1동,24827.0,4615.0,1077,0.185886333427317,0.2333694474539545,0.4600861347548295,0.3670632593490843,0.6788842178616326,2.1352867830423943,0.4135746970519569,156,B,0.4931675532948595,149,4
2021,도봉구,창2동,도봉구_창2동,29337.0,5281.0,1135,0.1800115894604083,0.2149214163984094,0.4350097131902288,0.3380466315012698,0.6788842178616326,2.1352867830423943,0.3865281723457493,204,C,0.4742349860005143,169,4
2021,도봉구,창3동,도봉구_창3동,13923.0,2940.0,815,0.2111613876319758,0.2772108843537414,0.5679730346562176,0.4360207895594526,0.6788842178616326,2.1352867830423943,0.5019969121078351,55,A,0.5550631038339743,66,5
2021,도봉구,창4동,도봉구_창4동,26583.0,4274.0,841,0.1607794455102885,0.1967711745437529,0.3529170548546748,0.309498391764537,0.6788842178616326,2.1352867830423943,0.3312077233096059,291,D,0.43551067167521385,232,3
2021,도봉구,창5동,도봉구_창5동,24709.0,4377.0,851,0.177141932089522,0.194425405528901,0.422760543118537,0.3058087673099841,0.6788842178616326,2.1352867830423943,0.3642846552142605,239,C,0.45866452400847213,195,3
2021,도봉구,도봉1동,도봉구_도봉1동,21210.0,5790.0,1679,0.272984441301273,0.2899827288428325,0.8318655489436122,0.4561094297701228,0.6788842178616326,2.1352867830423943,0.6439874893568676,12,A,0.654456507908297,21,5
2021,도봉구,도봉2동,도봉구_도봉2동,26962.0,6476.0,1462,0.2401898968919219,0.2257566399011735,0.6918816066203107,0.3550891899770752,0.6788842178616326,2.1352867830423943,0.523485398298693,44,A,0.5701050441675748,54,5
2021,도봉구,쌍문1동,도봉구_쌍문1동,21658.0,4614.0,1003,0.2130390617785575,0.2173818812310359,0.5759879113429054,0.3419166592655336,0.6788842178616326,2.1352867830423943,0.4589522853042195,94,B,0.5249318650714434,106,4
2021,도봉구,쌍문2동,도봉구_쌍문2동,18864.0,3908.0,1043,0.207167090754877,0.2668884339815762,0.550923326122791,0.419784764152469,0.6788842178616326,2.1352867830423943,0.48535404513763,66,A,0.5434130969548308,83,5
2021,도봉구,쌍문3동,도봉구_쌍문3동,16768.0,3460.0,873,0.2063454198473282,0.2523121387283237,0.5474160130924492,0.3968579307418995,0.6788842178616326,2.1352867830423943,0.4721369719171744,81,A,0.5341611457005118,94,4
2021,도봉구,쌍문4동,도봉구_쌍문4동,18643.0,3072.0,541,0.1647803465107547,0.1761067708333333,0.3699949531751894,0.2769956650314305,0.6788842178616326,2.1352867830423943,0.32349530910331,299,D,0.43011198173080667,250,3
2021,도봉구,방학1동,도봉구_방학1동,28912.0,5868.0,1420,0.2029607083563918,0.2419904567143831,0.532968327763631,0.3806231138738971,0.6788842178616326,2.1352867830423943,0.4567957208187641,101,B,0.5234222699316246,110,4
2021,도봉구,방학2동,도봉구_방학2동,19867.0,4405.0,1327,0.2217244677102733,0.3012485811577752,0.6130616803156824,0.4738293177639625,0.6788842178616326,2.1352867830423943,0.5434454990398224,35,A,0.5840771146863655,40,5
2021,도봉구,방학3동,도봉구_방학3동,27110.0,5080.0,894,0.1873847288823312,0.1759842519685039,0.466482055379127,0.2768029569698282,0.6788842178616326,2.1352867830423943,0.3716425061744776,229,C,0.463815019680624,185,3
2021,노원구,월계1동,노원구_월계1동,22240.0,4239.0,969,0.1906025179856115,0.2285916489738145,0.4802172303100431,0.3595483326876614,0.3842554756095653,2.7618993717810856,0.4198827814988523,143,B,0.4091945897320662,280,2
2021,노원구,월계2동,노원구_월계2동,26704.0,5875.0,1839,0.2200044937088076,0.3130212765957447,0.6057199487638303,0.4923464116077818,0.3842554756095653,2.7618993717810856,0.549033180185806,33,A,0.4995998688129338,141,4
2021,노원구,월계3동,노원구_월계3동,30069.0,6149.0,1663,0.2044963251188932,0.2704504797528053,0.539523128026427,0.4253874518436071,0.3842554756095653,2.7618993717810856,0.4824552899350171,69,A,0.4529953456373815,203,3
2021,노원구,공릉1동,노원구_공릉1동,37277.0,6594.0,1810,0.1768919172680205,0.2744919623900516,0.4216933515784997,0.4317442384993369,0.3842554756095653,2.7618993717810856,0.4267187950389183,135,B,0.41397979921011235,272,2
2021,노원구,공릉2동,노원구_공릉2동,41004.0,5529.0,1130,0.1348405033655253,0.2043769216856574,0.2421963405859736,0.3214613559235162,0.3842554756095653,2.7618993717810856,0.2818288482547449,358,E,0.31255683646119103,383,1
2021,노원구,하계1동,노원구_하계1동,27036.0,4493.0,1590,0.1661858263056665,0.3538838192744269,0.3759942620874182,0.5566184843429569,0.3842554756095653,2.7618993717810856,0.4663063732151875,87,B,0.4416911039335008,221,3
2021,노원구,하계2동,노원구_하계2동,22034.0,3229.0,799,0.1465462467096305,0.2474450294208733,0.2921624593610637,0.3892025284367049,0.3842554756095653,2.7618993717810856,0.3406824938988843,277,D,0.35375438841208856,352,1
2021,노원구,중계본동,노원구_중계본동,24009.0,2535.0,588,0.1055854054729476,0.2319526627218935,0.1173205720758487,0.3648348201629782,0.3842554756095653,2.7618993717810856,0.2410776961194135,392,E,0.284031029966459,398,1
2021,노원구,중계1동,노원구_중계1동,26877.0,2382.0,542,0.0886259627190534,0.2275398824517212,0.0449289685620789,0.357894025099904,0.3842554756095653,2.7618993717810856,0.2014114968309914,409,E,0.25626469046456357,413,1
2021,노원구,중계4동,노원구_중계4동,19975.0,4006.0,1284,0.2005506883604505,0.3205192211682476,0.5226811258467887,0.5041398147427176,0.3842554756095653,2.7618993717810856,0.5134104702947532,49,A,0.4746639718891968,168,4
2021,노원구,중계2.3동,노원구_중계2.3동,34326.0,7438.0,2530,0.2166870593719047,0.3401452003226674,0.5915594368481365,0.5350092192638897,0.3842554756095653,2.7618993717810856,0.5632843280560131,28,A,0.5095756723220788,126,4
2021,노원구,상계1동,노원구_상계1동,38275.0,7102.0,1522,0.1855519268451992,0.2143058293438468,0.4586587158793179,0.3370783839730434,0.3842554756095653,2.7618993717810856,0.3978685499261807,189,C,0.393784627631196,296,2
2021,노원구,상계2동,노원구_상계2동,20143.0,3392.0,854,0.1683959688229161,0.2517688679245283,0.3854282843686587,0.3960034283461235,0.3842554756095653,2.7618993717810856,0.3907158563573911,199,C,0.38877774213304334,304,2
2021,노원구,상계3.4동,노원구_상계3.4동,26268.0,6120.0,1972,0.2329830973047053,0.3222222222222222,0.6611192881944185,0.5068184392343413,0.3842554756095653,2.7618993717810856,0.5839688637143798,21,A,0.5240548472829354,109,4
2021,노원구,상계5동,노원구_상계5동,24077.0,5037.0,1455,0.2092038044606886,0.2888624181060155,0.5596170652510015,0.454347310028116,0.3842554756095653,2.7618993717810856,0.5069821876395588,52,A,0.4701641740305607,177,3
2021,노원구,상계6.7동,노원구_상계6.7동,32774.0,5086.0,1253,0.1551839873070116,0.2463625639009044,0.3290327682299578,0.3874999348614633,0.3842554756095653,2.7618993717810856,0.3582663515457105,246,C,0.366063088764867,332,2
2021,노원구,상계8동,노원구_상계8동,22598.0,2918.0,639,0.1291264713691477,0.2189856065798492,0.2178059201724384,0.3444391345083663,0.3842554756095653,2.7618993717810856,0.2811225273404023,359,E,0.31206241182115124,384,1
2021,노원구,상계9동,노원구_상계9동,20529.0,3487.0,777,0.1698572750742851,0.2228276455405793,0.3916658892414372,0.3504822192345707,0.3842554756095653,2.7618993717810856,0.3710740542380039,230,C,0.3750284806494723,328,2
2021,노원구,상계10동,노원구_상계10동,18731.0,2734.0,554,0.1459612407239336,0.2026335040234089,0.28966535364926,0.3187191607626095,0.3842554756095653,2.7618993717810856,0.3041922572059348,325,D,0.32821122272702385,371,1
2021,은평구,녹번동,은평구_녹번동,37164.0,7050.0,1965,0.1896997093961898,0.2787234042553191,0.476363580021962,0.43839980913961,0.7720407997250466,1.9371625726435966,0.457381694580786,99,B,0.551779426124064,70,5
2021,은평구,불광1동,은평구_불광1동,38777.0,7722.0,1995,0.1991386646723573,0.2583527583527583,0.5166538842408094,0.4063591296007198,0.7720407997250466,1.9371625726435966,0.4615065069207645,89,B,0.5546667947620492,67,5
2021,은평구,불광2동,은평구_불광2동,27798.0,5954.0,1817,0.2141880710842506,0.3051729929459187,0.5808924726128954,0.4800019654592788,0.7720407997250466,1.9371625726435966,0.5304472190360872,38,A,0.6029252932427749,31,5
2021,은평구,갈현1동,은평구_갈현1동,22077.0,4381.0,1209,0.198441817275898,0.2759643916913946,0.5136793820023733,0.4340602001833047,0.7720407997250466,1.9371625726435966,0.473869791092839,80,A,0.5633210936825013,60,5
2021,은평구,갈현2동,은평구_갈현2동,28547.0,5010.0,1128,0.1755000525449259,0.2251497005988024,0.4157521587786401,0.3541345443669236,0.7720407997250466,1.9371625726435966,0.3849433515727818,207,C,0.5010725860184613,138,4
2021,은평구,구산동,은평구_구산동,32464.0,6237.0,1235,0.1921205027106949,0.1980118646785313,0.4866967679901927,0.3114498544332048,0.7720407997250466,1.9371625726435966,0.3990733112116987,187,C,0.510963557765703,124,4
2021,은평구,대조동,은평구_대조동,27204.0,5165.0,1459,0.189861785031613,0.2824782187802517,0.4770554019944794,0.444305699875564,0.7720407997250466,1.9371625726435966,0.4606805509350217,92,B,0.5540886255720292,68,5
2021,은평구,응암1동,은평구_응암1동,33287.0,5170.0,1163,0.1553158890858293,0.2249516441005802,0.3295957927003659,0.3538230243090676,0.7720407997250466,1.9371625726435966,0.3417094085047167,275,D,0.47080882587081563,175,3
2021,은평구,응암2동,은평구_응암2동,28107.0,4000.0,846,0.1423133027359732,0.2115,0.2740940825704029,0.3326651376146788,0.7720407997250466,1.9371625726435966,0.3033796100925409,328,D,0.4439779669822925,216,3
2021,은평구,응암3동,은평구_응암3동,24637.0,5583.0,1706,0.2266103827576409,0.3055704818198101,0.6339172726864744,0.4806271696717298,0.7720407997250466,1.9371625726435966,0.5572722211791021,31,A,0.6217027947428854,24,5
2021,은평구,역촌동,은평구_역촌동,45752.0,8445.0,1982,0.1845820947718132,0.2346950858496151,0.4545189749721249,0.3691483358470501,0.7720407997250466,1.9371625726435966,0.4118336554095875,163,B,0.5198957987042252,116,4
2021,은평구,신사1동,은평구_신사1동,27231.0,4965.0,1006,0.1823289633138702,0.2026183282980866,0.4449014538345061,0.3186952910947478,0.7720407997250466,1.9371625726435966,0.3817983724646269,211,C,0.4988711006427528,142,4
2021,은평구,신사2동,은평구_신사2동,20330.0,3866.0,907,0.1901623216920806,0.2346094154164511,0.4783382466658312,0.3690135861239388,0.7720407997250466,1.9371625726435966,0.423675916394885,139,B,0.5281853813939335,100,4
2021,은평구,증산동,은평구_증산동,15034.0,3152.0,699,0.2096581082878808,0.2217639593908629,0.561556267087414,0.3488091634455673,0.7720407997250466,1.9371625726435966,0.4551827152664907,103,B,0.5502401406040573,76,5
2021,은평구,수색동,은평구_수색동,12752.0,2227.0,495,0.1746392722710163,0.2222721149528513,0.4120779069057694,0.3496084336108559,0.7720407997250466,1.9371625726435966,0.3808431702583127,214,C,0.4982024590983328,144,4
2021,은평구,진관동,은평구_진관동,56012.0,8314.0,1188,0.1484324787545526,0.1428915082992542,0.3002138655489002,0.224751883084352,0.7720407997250466,1.9371625726435966,0.2624828743166261,373,E,0.4153502519391522,267,2
2021,서대문구,천연동,서대문구_천연동,17359.0,3224.0,1001,0.1857249841580736,0.3104838709677419,0.4593974132858636,0.4883553648350925,0.6258393067292685,2.2481020122355715,0.4738763890604781,79,A,0.5194652643611152,117,4
2021,서대문구,북아현동,서대문구_북아현동,16236.0,2258.0,633,0.1390736634639073,0.2803365810451727,0.2602656399078525,0.440937150410501,0.6258393067292685,2.2481020122355715,0.3506013951591767,262,D,0.43317276863020426,238,3
2021,서대문구,충현동,서대문구_충현동,20760.0,3410.0,938,0.1642581888246628,0.2750733137829912,0.3677661162533777,0.4326586372753878,0.6258393067292685,2.2481020122355715,0.4002123767643827,185,C,0.4679004557538484,180,3
2021,서대문구,신촌동,서대문구_신촌동,23759.0,2124.0,609,0.0893977019234816,0.2867231638418079,0.0482231474636921,0.4509825094881851,0.6258393067292685,2.2481020122355715,0.2496028284759386,382,E,0.36247377195193753,341,1
2021,서대문구,연희동,서대문구_연희동,37734.0,6114.0,1408,0.1620289394180314,0.230291135099771,0.3582505359645674,0.3622214286023921,0.6258393067292685,2.2481020122355715,0.3602359822834797,243,C,0.4399169796172163,227,3
2021,서대문구,홍제1동,서대문구_홍제1동,23929.0,4594.0,1104,0.1919846211709641,0.2403134523291249,0.4861167558582035,0.377985379147645,0.6258393067292685,2.2481020122355715,0.4320510675029242,129,B,0.4901875392708275,152,4
2021,서대문구,홍제3동,서대문구_홍제3동,15478.0,3649.0,1061,0.2357539733815738,0.2907645930391888,0.672946809018851,0.4573392120891624,0.6258393067292685,2.2481020122355715,0.5651430105540067,27,A,0.5833518994065852,41,5
2021,서대문구,홍제2동,서대문구_홍제2동,13801.0,2751.0,701,0.1993333816390116,0.2548164303889494,0.5174850361631924,0.4007968930582559,0.6258393067292685,2.2481020122355715,0.4591409646107242,93,B,0.5091504672462874,127,4
2021,서대문구,홍은1동,서대문구_홍은1동,22933.0,4586.0,1120,0.1999738368290236,0.2442215438290449,0.5202188275298362,0.3841323569094967,0.6258393067292685,2.2481020122355715,0.4521755922196664,106,B,0.504274706572547,135,4
2021,서대문구,홍은2동,서대문구_홍은2동,27222.0,5203.0,1226,0.1911321725075306,0.2356332884874111,0.48247806757377,0.3706240205260707,0.6258393067292685,2.2481020122355715,0.4265510440499204,136,B,0.4863375228537248,156,4
2021,서대문구,남가좌1동,서대문구_남가좌1동,15627.0,2180.0,430,0.1395021437256031,0.1972477064220183,0.2620946135167309,0.3102479215180166,0.6258393067292685,2.2481020122355715,0.2861712675173737,354,E,0.3880716792809421,306,2
2021,서대문구,남가좌2동,서대문구_남가좌2동,30807.0,4851.0,1239,0.1574642126789366,0.2554112554112554,0.3387659400942588,0.4017324843012916,0.6258393067292685,2.2481020122355715,0.3702492121977753,231,C,0.4469262405572232,213,3
2021,서대문구,북가좌1동,서대문구_북가좌1동,18121.0,2961.0,569,0.1634015782793444,0.1921648091860857,0.3641096629216097,0.3022531096576252,0.6258393067292685,2.2481020122355715,0.3331813862896174,290,D,0.4209787624215128,258,2
2021,서대문구,북가좌2동,서대문구_북가좌2동,31893.0,6363.0,1581,0.1995108644530147,0.2484677039132484,0.518242623879267,0.3908110776127853,0.6258393067292685,2.2481020122355715,0.4545268507460261,104,B,0.5059205875409989,133,4
2021,마포구,아현동,마포구_아현동,25686.0,3155.0,617,0.1228295569570972,0.1955625990491283,0.19092745853356,0.3075974417255913,0.3218007843003936,2.89472719944304,0.2492624501295756,383,E,0.271023950380821,406,1
2021,마포구,공덕동,마포구_공덕동,37792.0,5910.0,1805,0.1563823031329382,0.305414551607445,0.3341477950273347,0.4803819094090598,0.3218007843003936,2.89472719944304,0.4072648522181972,169,B,0.38162563184285614,316,2
2021,마포구,도화동,마포구_도화동,21391.0,3720.0,818,0.1739049132812865,0.2198924731182795,0.408943285940167,0.3458655311126456,0.3218007843003936,2.89472719944304,0.3774044085264063,218,C,0.36072332125860246,345,1
2021,마포구,용강동,마포구_용강동,22038.0,2956.0,661,0.1341319538978128,0.2236129905277402,0.239171887903131,0.3517174764365984,0.3218007843003936,2.89472719944304,0.2954446821698647,340,D,0.30335151280902334,389,1
2021,마포구,대흥동,마포구_대흥동,15848.0,2068.0,627,0.1304896516910651,0.3031914893617021,0.2236246732301919,0.4768852885678964,0.3218007843003936,2.89472719944304,0.3502549808990441,263,D,0.34171872191944896,361,1
2021,마포구,염리동,마포구_염리동,17657.0,2101.0,544,0.1189896358384776,0.2589243217515469,0.1745367049470701,0.4072581329894361,0.3218007843003936,2.89472719944304,0.2908974189682531,347,E,0.3001684285678952,390,1
2021,마포구,신수동,마포구_신수동,22834.0,3242.0,716,0.1419812560217219,0.2208513263417643,0.272676736821787,0.347373696784243,0.3218007843003936,2.89472719944304,0.310025216803015,315,D,0.3135578870522286,381,1
2021,마포구,서강동,마포구_서강동,25600.0,3227.0,772,0.1260546875,0.2392314843507902,0.2046939704956559,0.3762835681480828,0.3218007843003936,2.89472719944304,0.2904887693218694,348,E,0.2998823738154266,391,1
2021,마포구,서교동,마포구_서교동,26549.0,3338.0,791,0.1257297826660137,0.2369682444577591,0.2033071099564889,0.3727237524957414,0.3218007843003936,2.89472719944304,0.2880154312261151,351,E,0.2981510371483987,392,1
2021,마포구,합정동,마포구_합정동,17649.0,2648.0,646,0.1500368292821123,0.2439577039274924,0.3070620567880576,0.3837173671356991,0.3218007843003936,2.89472719944304,0.3453897119618783,271,D,0.3383130336634329,365,1
2021,마포구,망원1동,마포구_망원1동,20351.0,3375.0,832,0.1658395164856763,0.2465185185185185,0.3745160340851511,0.3877452335107789,0.3218007843003936,2.89472719944304,0.381130633797965,212,C,0.36333167894869356,337,2
2021,마포구,망원2동,마포구_망원2동,18764.0,3124.0,671,0.1664890215305905,0.2147887323943662,0.377288454875971,0.3378379348465922,0.3218007843003936,2.89472719944304,0.3575631948612816,249,C,0.3468344716930152,355,1
2021,마포구,연남동,마포구_연남동,15899.0,2413.0,520,0.1517705516070193,0.2154993783671777,0.3144624732385817,0.3389556991035222,0.3218007843003936,2.89472719944304,0.326709086171052,295,D,0.3252365956098544,374,1
2021,마포구,성산1동,마포구_성산1동,19246.0,2953.0,806,0.1534344798919256,0.2729427700643413,0.3215649729152662,0.4293075374202637,0.3218007843003936,2.89472719944304,0.375436255167765,223,C,0.35934561390755354,348,1
2021,마포구,성산2동,마포구_성산2동,39909.0,6288.0,1669,0.1575584454634293,0.2654262086513995,0.3391681739690381,0.4174848521397649,0.3218007843003936,2.89472719944304,0.3783265130544015,217,C,0.3613687944281991,344,1
2021,마포구,상암동,마포구_상암동,31473.0,4064.0,834,0.1291265529183745,0.2052165354330708,0.217806268266381,0.3227819716342796,0.3218007843003936,2.89472719944304,0.2702941199503303,369,E,0.28574611925534926,397,1
2021,양천구,목1동,양천구_목1동,30883.0,3282.0,504,0.1062720590616196,0.1535648994515539,0.1202515619122357,0.2415398979141159,0.5181382911757137,2.477159135617177,0.1808957299131758,416,E,0.2820684982919372,399,1
2021,양천구,목2동,양천구_목2동,30139.0,4183.0,878,0.1387902717409336,0.2098972029643796,0.259055978626742,0.3301441225015675,0.5181382911757137,2.477159135617177,0.2946000505641548,342,E,0.3616615227476224,343,1
2021,양천구,목3동,양천구_목3동,21977.0,3377.0,744,0.1536606452200027,0.220313888066331,0.3225303625802634,0.3465283682837399,0.5181382911757137,2.477159135617177,0.3345293654320016,288,D,0.3896120431551153,301,2
2021,양천구,목4동,양천구_목4동,25544.0,3279.0,762,0.1283667397431882,0.232387923147301,0.2145629957767826,0.3655194346751125,0.5181382911757137,2.477159135617177,0.2900412152259476,350,E,0.3584703380108774,349,1
2021,양천구,목5동,양천구_목5동,41308.0,4699.0,558,0.1137552048029437,0.1187486699297722,0.1521934675162568,0.1867779793085001,0.5181382911757137,2.477159135617177,0.1694857234123785,421,E,0.274081493741379,404,1
2021,양천구,신월1동,양천구_신월1동,20693.0,4260.0,1234,0.2058667182138887,0.2896713615023474,0.5453726689005307,0.4556196848095025,0.5181382911757137,2.477159135617177,0.5004961768550167,56,A,0.5057888111512258,134,4
2021,양천구,신월2동,양천구_신월2동,20819.0,3918.0,810,0.1881934771122532,0.2067381316998468,0.4699342077907699,0.3251752672914003,0.5181382911757137,2.477159135617177,0.3975547375410851,190,C,0.4337298036314737,236,3
2021,양천구,신월3동,양천구_신월3동,15372.0,3022.0,1064,0.1965912047879261,0.3520847121111846,0.5057800183598897,0.5537886960117817,0.5181382911757137,2.477159135617177,0.5297843571858357,39,A,0.5262905373827991,103,4
2021,양천구,신월4동,양천구_신월4동,18012.0,3312.0,596,0.1838774150566289,0.179951690821256,0.4515110403786308,0.2830432812815474,0.5181382911757137,2.477159135617177,0.3672771608300891,235,C,0.4125354999337765,275,2
2021,양천구,신월5동,양천구_신월5동,14750.0,2467.0,597,0.1672542372881356,0.2419943250912039,0.380554788359126,0.3806291983850434,0.5181382911757137,2.477159135617177,0.3805919933720847,215,C,0.42185588271317337,257,2
2021,양천구,신월6동,양천구_신월6동,13945.0,1846.0,364,0.1323771961276443,0.1971830985915492,0.2316816813790056,0.3101463008427732,0.5181382911757137,2.477159135617177,0.2709139911108894,368,E,0.3450812811303367,358,1
2021,양천구,신월7동,양천구_신월7동,19917.0,4406.0,1164,0.221218054927951,0.2641852019972764,0.610900050721823,0.4155328916226274,0.5181382911757137,2.477159135617177,0.5132164711722252,50,A,0.5146930171732718,121,4
2021,양천구,신정1동,양천구_신정1동,20487.0,2720.0,466,0.1327671206130717,0.1713235294117647,0.2333460791519152,0.2694721772501049,0.5181382911757137,2.477159135617177,0.2514091282010101,380,E,0.33142787709342114,370,1
2021,양천구,신정2동,양천구_신정2동,19596.0,2625.0,597,0.133955909369259,0.2274285714285714,0.2384204395273338,0.3577189456822484,0.5181382911757137,2.477159135617177,0.2980696926047911,336,D,0.3640902721760679,335,2
2021,양천구,신정3동,양천구_신정3동,49979.0,7530.0,1575,0.1506632785770023,0.2091633466135458,0.3097360638079373,0.3289898509935792,0.5181382911757137,2.477159135617177,0.3193629574007582,302,D,0.3789955575332449,321,2
2021,양천구,신정4동,양천구_신정4동,33343.0,5878.0,1493,0.1762888762258944,0.2539979584892821,0.4191192629921224,0.3995095310386974,0.5181382911757137,2.477159135617177,0.4093143970154099,165,B,0.44196156526350105,219,3
2021,양천구,신정6동,양천구_신정6동,24552.0,2823.0,349,0.114980449657869,0.1236273467941905,0.1574234412266059,0.1944515760483547,0.5181382911757137,2.477159135617177,0.1759375086374803,418,E,0.2785977433989503,403,1
2021,양천구,신정7동,양천구_신정7동,29171.0,5000.0,1376,0.1714031058242775,0.2752,0.3982642880436116,0.4328579001019367,0.5181382911757137,2.477159135617177,0.4155610940727742,153,B,0.44633425320365605,214,3
2021,강서구,염창동,강서구_염창동,41764.0,4422.0,629,0.1058806627717651,0.1422433288104929,0.1185808817228526,0.2237323714114074,0.5602050766404567,2.3876920417467966,0.17115662656713,419,E,0.28787116158912796,396,1
2021,강서구,등촌1동,강서구_등촌1동,24436.0,2934.0,758,0.1200687510230807,0.258350374914792,0.1791429222457803,0.4063553807273437,0.5602050766404567,2.3876920417467966,0.292749151486562,344,E,0.37298592903273037,330,2
2021,강서구,등촌2동,강서구_등촌2동,20423.0,3187.0,530,0.1560495519757136,0.1663005961719485,0.3327274423546612,0.2615716818484369,0.5602050766404567,2.3876920417467966,0.2971495621015491,338,D,0.3760662164632213,325,2
2021,강서구,등촌3동,강서구_등촌3동,30714.0,6761.0,2696,0.2201276290942241,0.3987575802396095,0.6062455537691915,0.6271997413962461,0.5602050766404567,2.3876920417467966,0.6167226475827188,14,A,0.5997673763000402,33,5
2021,강서구,화곡1동,강서구_화곡1동,52770.0,8430.0,1978,0.1597498578737919,0.2346381969157769,0.3485222465437221,0.3690588561070783,0.5602050766404567,2.3876920417467966,0.3587905513254002,245,C,0.41921490891991714,262,2
2021,강서구,화곡2동,강서구_화곡2동,18096.0,2876.0,674,0.1589301503094606,0.2343532684283727,0.3450233140696181,0.3686106964169002,0.5602050766404567,2.3876920417467966,0.3568170052432591,251,C,0.4178334266624184,264,2
2021,강서구,화곡3동,강서구_화곡3동,21661.0,4096.0,781,0.1890956096209778,0.190673828125,0.4737849722195408,0.2999079681925331,0.5602050766404567,2.3876920417467966,0.3868464702060369,203,C,0.43885405213636286,228,3
2021,강서구,화곡4동,강서구_화곡4동,20820.0,3845.0,903,0.1846781940441882,0.2348504551365409,0.4549291759748753,0.3693927138386164,0.5602050766404567,2.3876920417467966,0.4121609449067458,160,B,0.4565741844268591,197,3
2021,강서구,화곡본동,강서구_화곡본동,34612.0,4900.0,1212,0.1415693978966832,0.2473469387755102,0.2709187150209302,0.3890482431504711,0.5602050766404567,2.3876920417467966,0.3299834790857007,292,D,0.3990499583521274,291,2
2021,강서구,화곡6동,강서구_화곡6동,25096.0,3948.0,917,0.157315906917437,0.2322695035460993,0.3381328950089292,0.3653331742830083,0.5602050766404567,2.3876920417467966,0.3517330346459687,260,D,0.4142746472443151,269,2
2021,강서구,화곡8동,강서구_화곡8동,24789.0,4444.0,1011,0.1792730646657791,0.2274977497749775,0.4318573104318535,0.3578277552525895,0.5602050766404567,2.3876920417467966,0.3948425328422215,191,C,0.44445129598169203,215,3
2021,강서구,가양1동,강서구_가양1동,34395.0,3121.0,539,0.0907399331298153,0.1727010573534123,0.053952478947205,0.2716388700268249,0.5602050766404567,2.3876920417467966,0.162795674487015,422,E,0.28201849513304744,400,1
2021,강서구,가양2동,강서구_가양2동,14109.0,4134.0,1690,0.2930044652349564,0.4088050314465409,0.9173212833079158,0.6430032247930811,0.5602050766404567,2.3876920417467966,0.7801622540504984,5,A,0.7141751008274859,7,5
2021,강서구,가양3동,강서구_가양3동,15138.0,3721.0,1328,0.245805258290395,0.3568933082504703,0.715850850294396,0.5613520638435022,0.5602050766404567,2.3876920417467966,0.6386014570689491,13,A,0.6150825429404014,26,5
2021,강서구,발산1동,강서구_발산1동,36572.0,4874.0,893,0.133271355135076,0.1832170701682396,0.2354984108130784,0.2881793468599324,0.5602050766404567,2.3876920417467966,0.2618388788365055,374,E,0.35134873817769074,354,1
2021,강서구,우장산동,강서구_우장산동,43129.0,5829.0,904,0.1351526814904124,0.1550866357865843,0.2435288770006689,0.2439334138824664,0.5602050766404567,2.3876920417467966,0.2437311454415677,388,E,0.33867332480123435,364,1
2021,강서구,공항동,강서구_공항동,31483.0,4303.0,1021,0.136676936759521,0.2372763188473158,0.2500351805801153,0.3732083180238617,0.5602050766404567,2.3876920417467966,0.3116217493019885,311,D,0.38619674750352895,310,2
2021,강서구,방화1동,강서구_방화1동,43181.0,6616.0,1228,0.1532155346101294,0.1856106408706166,0.3206304021123808,0.2919441578627538,0.5602050766404567,2.3876920417467966,0.3062872799875673,321,D,0.3824626189834341,314,2
2021,강서구,방화2동,강서구_방화2동,23656.0,4857.0,1449,0.2053178897531281,0.2983323038912909,0.5430299874277369,0.4692423495456287,0.5602050766404567,2.3876920417467966,0.5061361684866829,53,A,0.522356840932815,112,4
2021,강서구,방화3동,강서구_방화3동,22924.0,5260.0,1722,0.2294538474960739,0.3273764258555133,0.6460546391634927,0.5149254078440948,0.5602050766404567,2.3876920417467966,0.5804900235037938,22,A,0.5744045394447925,48,5
2021,구로구,신도림동,구로구_신도림동,36342.0,4740.0,621,0.1304276044246326,0.1310126582278481,0.2233598236607885,0.2060678202299384,0.3295003961094073,2.8783517648841084,0.2147138219453634,406,E,0.24914979419457658,415,1
2021,구로구,구로1동,구로구_구로1동,21166.0,2668.0,380,0.1260512142114712,0.1424287856071964,0.204679144718081,0.2240240735901162,0.3295003961094073,2.8783517648841084,0.2143516091540986,407,E,0.2488962452406912,416,1
2021,구로구,구로2동,구로구_구로2동,31164.0,5946.0,1634,0.1907970735463997,0.2748065926673393,0.4810476932693725,0.4322391156836948,0.3295003961094073,2.8783517648841084,0.4566434044765337,102,B,0.4185005019663957,263,2
2021,구로구,구로3동,구로구_구로3동,25157.0,3541.0,760,0.1407560519934809,0.2146286359785371,0.2674469373806742,0.3375861216257724,0.3295003961094073,2.8783517648841084,0.3025165295032233,329,D,0.3106116894850785,385,1
2021,구로구,구로4동,구로구_구로4동,23745.0,4665.0,1338,0.1964624131396083,0.2868167202572347,0.5052302695222539,0.4511296629530205,0.3295003961094073,2.8783517648841084,0.4781799662376372,75,A,0.43357609519916823,237,3
2021,구로구,구로5동,구로구_구로5동,31822.0,4826.0,1034,0.1516560869838476,0.2142561127227517,0.3139738794954239,0.337000185454848,0.3295003961094073,2.8783517648841084,0.325487032475136,297,D,0.32669104156541734,372,1
2021,구로구,가리봉동,구로구_가리봉동,13091.0,2077.0,838,0.158658620426247,0.4034665382763601,0.3438642852068787,0.6346063899698509,0.3295003961094073,2.8783517648841084,0.4892353375883648,63,A,0.4413148551446775,224,3
2021,구로구,고척1동,구로구_고척1동,22657.0,4429.0,931,0.1954804254755704,0.210205463987356,0.5010386423171608,0.330628981582559,0.3295003961094073,2.8783517648841084,0.4158338119498599,152,B,0.3899337871977241,300,2
2021,구로구,고척2동,구로구_고척2동,27092.0,5243.0,1274,0.193525764063192,0.2429906542056074,0.4926951444781135,0.3821963093162613,0.3295003961094073,2.8783517648841084,0.4374457268971874,120,B,0.40506212766085337,286,2
2021,구로구,개봉1동,구로구_개봉1동,34560.0,6464.0,1507,0.187037037037037,0.2331373762376237,0.4649979281837491,0.3666982380577507,0.3295003961094073,2.8783517648841084,0.4158480831207499,151,B,0.3899437770173471,299,2
2021,구로구,개봉2동,구로구_개봉2동,31314.0,6506.0,1110,0.2077664942198377,0.1706117430064555,0.553481887663397,0.2683526192242211,0.3295003961094073,2.8783517648841084,0.4109172534438091,164,B,0.3864921962434885,308,2
2021,구로구,개봉3동,구로구_개봉3동,20590.0,4307.0,929,0.2091792132102962,0.2156953796145809,0.5595120971766288,0.3392639864885813,0.3295003961094073,2.8783517648841084,0.449388041832605,110,B,0.4134217481156457,273,2
2021,구로구,오류1동,구로구_오류1동,23155.0,4015.0,1019,0.173396674584323,0.2537982565379825,0.4067738624057476,0.3991954228726881,0.3295003961094073,2.8783517648841084,0.4029846426392178,176,C,0.38093936868027467,317,2
2021,구로구,오류2동,구로구_오류2동,39026.0,7128.0,1396,0.182647465792036,0.1958473625140291,0.4462609858340018,0.3080453418543802,0.3295003961094073,2.8783517648841084,0.377153163844191,219,C,0.3628573335237559,338,2
2021,구로구,수궁동,구로구_수궁동,23806.0,4430.0,984,0.1860875409560615,0.2221218961625282,0.4609449917265016,0.3493721567571672,0.3295003961094073,2.8783517648841084,0.4051585742418344,173,C,0.38246112080210626,315,2
2021,구로구,항동,구로구_항동,16476.0,1626.0,228,0.0986890021849963,0.1402214022140221,0.0878831843186481,0.2205521137780184,0.3295003961094073,2.8783517648841084,0.1542176490483333,423,E,0.20680247316665545,425,1
2021,금천구,가산동,금천구_가산동,26179.0,2682.0,731,0.1024485274456625,0.2725577926920209,0.1039307671325149,0.4287020123586016,0.7892611824719653,1.9005384859043397,0.2663163897455583,371,E,0.4231998275634804,255,3
2021,금천구,독산1동,금천구_독산1동,46698.0,5900.0,1413,0.1263437406312904,0.2394915254237288,0.2059277975723141,0.3766925828020525,0.7892611824719653,1.9005384859043397,0.2913101901871833,346,E,0.4406954878726179,225,3
2021,금천구,독산2동,금천구_독산2동,20175.0,3524.0,1075,0.1746716232961586,0.3050510783200908,0.4122159976802926,0.4798102077960245,0.7892611824719653,1.9005384859043397,0.4460131027381586,113,B,0.5489875266583005,77,5
2021,금천구,독산3동,금천구_독산3동,27595.0,4671.0,1258,0.1692697952527631,0.2693213444658531,0.3891582239290144,0.4236114521007251,0.7892611824719653,1.9005384859043397,0.4063848380148698,171,C,0.5212477413519984,113,4
2021,금천구,독산4동,금천구_독산4동,16778.0,2942.0,752,0.1753486708785314,0.2556084296397009,0.4151059841529809,0.4020426166504163,0.7892611824719653,1.9005384859043397,0.4085743004016986,167,B,0.5227803650227786,111,4
2021,금천구,시흥1동,금천구_시흥1동,34533.0,6274.0,1720,0.1816812903599455,0.2741472744660503,0.4421368533480697,0.4312020840989966,0.7892611824719653,1.9005384859043397,0.4366694687235332,122,B,0.5424469828480627,85,5
2021,금천구,시흥2동,금천구_시흥2동,21351.0,4077.0,887,0.1909512435014753,0.2175619327937208,0.4817057697417856,0.3421998596337526,0.7892611824719653,1.9005384859043397,0.4119528146877691,162,B,0.5251453250230279,105,4
2021,금천구,시흥3동,금천구_시흥3동,10951.0,2380.0,556,0.2173317505250662,0.2336134453781512,0.5943113094789626,0.3674470399780707,0.7892611824719653,1.9005384859043397,0.4808791747285166,71,A,0.5733937770515513,49,5
2021,금천구,시흥4동,금천구_시흥4동,20916.0,4191.0,1002,0.2003729202524383,0.2390837508947745,0.5219223203494996,0.3760512004389776,0.7892611824719653,1.9005384859043397,0.4489867603942386,112,B,0.5510690870175565,72,5
2021,금천구,시흥5동,금천구_시흥5동,19715.0,4400.0,1337,0.2231803195536393,0.3038636363636364,0.6192760029764636,0.4779424983782782,0.7892611824719653,1.9005384859043397,0.5486092506773709,34,A,0.6208048302157492,25,5
2021,영등포구,영등포본동,영등포구_영등포본동,23152.0,4225.0,1224,0.1824896337249481,0.2897041420118343,0.4455872775885017,0.455671244774985,0.32907198282830097,2.8792629086953743,0.4506292611817434,107,B,0.41416207767571067,271,2
2021,영등포구,영등포동,영등포구_영등포동,29901.0,3418.0,1372,0.1143105581753118,0.4014043300175541,0.1545640006597045,0.6313627739215962,0.32907198282830097,2.8792629086953743,0.3929633872906504,196,C,0.37379596595194553,329,2
2021,영등포구,여의동,영등포구_여의동,33420.0,6230.0,964,0.1864153201675643,0.1547351524879614,0.4623441215837441,0.2433805711405958,0.32907198282830097,2.8792629086953743,0.3528623463621699,258,D,0.34572523730200927,357,1
2021,영등포구,당산1동,영등포구_당산1동,20648.0,3394.0,872,0.1643742735373886,0.2569239835002946,0.3682616253700158,0.4041118313363452,0.32907198282830097,2.8792629086953743,0.3861867283531804,205,C,0.3690523046957166,331,2
2021,영등포구,당산2동,영등포구_당산2동,37911.0,4696.0,763,0.1238690617498878,0.1624787052810903,0.1953645983560394,0.2555602877153132,0.32907198282830097,2.8792629086953743,0.2254624430356763,398,E,0.2565453049734637,412,1
2021,영등포구,도림동,영등포구_도림동,19826.0,3350.0,934,0.1689700393422778,0.2788059701492537,0.3878787118991876,0.4385296757801208,0.32907198282830097,2.8792629086953743,0.4132041938396542,158,B,0.38796453053624824,307,2
2021,영등포구,문래동,영등포구_문래동,32812.0,4695.0,792,0.1430878946726807,0.1686900958466453,0.2774004383971128,0.2653300895936532,0.32907198282830097,2.8792629086953743,0.2713652639953831,366,E,0.28867727964525836,395,1
2021,영등포구,양평1동,영등포구_양평1동,18487.0,2396.0,598,0.129604587007086,0.2495826377295492,0.2198467630348855,0.3925647400781799,0.32907198282830097,2.8792629086953743,0.3062057515565327,322,D,0.31306562093806317,382,1
2021,영등포구,양평2동,영등포구_양평2동,22499.0,2535.0,475,0.1126716742966354,0.1873767258382643,0.1475684033590199,0.2947220060840385,0.32907198282830097,2.8792629086953743,0.2211452047215292,401,E,0.2535232381535607,414,1
2021,영등포구,신길1동,영등포구_신길1동,18755.0,3326.0,1113,0.1773393761663556,0.3346361996392062,0.4236033357464375,0.5263441957627882,0.32907198282830097,2.8792629086953743,0.4749737657546128,77,A,0.4312032308767193,242,3
2021,영등포구,신길3동,영등포구_신길3동,17575.0,3144.0,869,0.1788904694167852,0.2763994910941476,0.4302241976006514,0.4347445614253513,0.32907198282830097,2.8792629086953743,0.4324843795130013,128,B,0.4014606605075912,289,2
2021,영등포구,신길4동,영등포구_신길4동,13089.0,2335.0,713,0.1783940713576285,0.3053533190578158,0.428105315983788,0.4802855976617837,0.32907198282830097,2.8792629086953743,0.4541954568227858,105,B,0.41665841462444037,266,2
2021,영등포구,신길5동,영등포구_신길5동,11701.0,2047.0,540,0.1749423126228527,0.263800683927699,0.4133714386165198,0.4149280889912738,0.32907198282830097,2.8792629086953743,0.4141497638038968,155,B,0.38862642951121806,305,2
2021,영등포구,신길6동,영등포구_신길6동,19869.0,3329.0,797,0.1675474357038603,0.2394112346049864,0.3818063096366829,0.3765662945927565,0.32907198282830097,2.8792629086953743,0.3791863021147197,216,C,0.3641520063287941,334,2
2021,영등포구,신길7동,영등포구_신길7동,20158.0,2568.0,410,0.1273935906339914,0.1596573208722741,0.2104090960587879,0.2511225750315178,0.32907198282830097,2.8792629086953743,0.2307658355451528,396,E,0.2602576797300973,410,1
2021,영등포구,대림1동,영등포구_대림1동,17067.0,3181.0,848,0.1863830784554989,0.2665828355862936,0.4622064974135215,0.4193040930781356,0.32907198282830097,2.8792629086953743,0.4407552952458285,118,B,0.4072503015205703,282,2
2021,영등포구,대림2동,영등포구_대림2동,18162.0,3082.0,832,0.1696949675145909,0.2699545749513303,0.390973077297131,0.4246074507134583,0.32907198282830097,2.8792629086953743,0.4077902640052947,168,B,0.3841747796521965,311,2
2021,영등포구,대림3동,영등포구_대림3동,25876.0,4565.0,1092,0.1764183026742928,0.2392113910186199,0.419671721482216,0.3762519636511015,0.32907198282830097,2.8792629086953743,0.3979618425666588,188,C,0.3772948846451514,323,2
2021,동작구,노량진1동,동작구_노량진1동,32298.0,5869.0,1296,0.18171403802093,0.2208212642698926,0.44227663716788,0.3473264126079963,0.6099774146266317,2.2818368786873435,0.3948015248879382,192,C,0.45935429180954623,193,3
2021,동작구,노량진2동,동작구_노량진2동,11550.0,2285.0,785,0.1978354978354978,0.3435448577680525,0.5110912995300255,0.5403564888237563,0.6099774146266317,2.2818368786873435,0.5257238941768909,43,A,0.5509999503118131,73,5
2021,동작구,상도1동,동작구_상도1동,45485.0,7096.0,1369,0.1560074749917555,0.1929255918827508,0.3325478361975513,0.3034497332059985,0.6099774146266317,2.2818368786873435,0.3179987847017749,306,D,0.40559237367923195,283,2
2021,동작구,상도2동,동작구_상도2동,28362.0,4320.0,798,0.1523164797969113,0.1847222222222222,0.316792774867188,0.2905467776645146,0.6099774146266317,2.2818368786873435,0.3036697762658513,326,D,0.3955620677740854,294,2
2021,동작구,상도3동,동작구_상도3동,24846.0,4438.0,1004,0.1786203010544957,0.2262280306444344,0.4290709804078084,0.3558306333173927,0.6099774146266317,2.2818368786873435,0.3924508068626006,197,C,0.4577087891918099,196,3
2021,동작구,상도4동,동작구_상도4동,28914.0,5145.0,1366,0.177941481635194,0.2655004859086491,0.4261734308259832,0.4176016817095266,0.6099774146266317,2.2818368786873435,0.4218875562677549,140,B,0.4783145137754179,165,4
2021,동작구,흑석동,동작구_흑석동,33293.0,5718.0,658,0.1717478148559757,0.1150752011192724,0.3997356830600889,0.1810000360112511,0.6099774146266317,2.2818368786873435,0.29036785953567,349,E,0.3862507260629585,309,2
2021,동작구,사당1동,동작구_사당1동,23321.0,3800.0,903,0.1629432700141503,0.2376315789473684,0.3621533680891399,0.3737671012393369,0.6099774146266317,2.2818368786873435,0.3679602346642384,234,C,0.44056538865295636,226,3
2021,동작구,사당2동,동작구_사당2동,28147.0,5480.0,1073,0.1946921519167229,0.1958029197080292,0.4976738863071571,0.3079754384398461,0.6099774146266317,2.2818368786873435,0.4028246623735016,177,C,0.46497048804944063,183,3
2021,동작구,사당3동,동작구_사당3동,24548.0,4487.0,742,0.1827847482483298,0.1653666146645865,0.4468469777966876,0.2601026365213629,0.6099774146266317,2.2818368786873435,0.3534748071590253,257,D,0.4304255893993072,248,3
2021,동작구,사당4동,동작구_사당4동,14301.0,2681.0,633,0.1874694077337249,0.2361059306229019,0.4668435081653446,0.3713674321622198,0.6099774146266317,2.2818368786873435,0.4191054701637822,145,B,0.476367053502637,167,4
2021,동작구,사당5동,동작구_사당5동,14558.0,2347.0,507,0.1612172001648578,0.216020451640392,0.354785616331001,0.3397752873405961,0.6099774146266317,2.2818368786873435,0.3472804518357986,267,D,0.4260895406730485,251,3
2021,동작구,대방동,동작구_대방동,38338.0,5813.0,1400,0.1516250195628358,0.2408394976776191,0.3138412678019432,0.378812787886408,0.6099774146266317,2.2818368786873435,0.3463270278441756,269,D,0.4254221438789124,253,3
2021,동작구,신대방1동,동작구_신대방1동,24999.0,3920.0,872,0.15680627225089,0.2224489795918367,0.3359575127600594,0.3498866213151927,0.6099774146266317,2.2818368786873435,0.342922067037626,274,D,0.4230386713143277,256,2
2021,동작구,신대방2동,동작구_신대방2동,21404.0,3214.0,1285,0.1501588488133059,0.3998133167392657,0.3075828987550543,0.6288602933014139,0.6099774146266317,2.2818368786873435,0.4682215960282341,86,B,0.5107483416077534,125,4
2021,관악구,보라매동,관악구_보라매동,24918.0,4482.0,1114,0.179869973513123,0.2485497545738509,0.4344052236644894,0.3909401338506136,1.0,1.452341901315872,0.4126726787575515,159,B,0.588870875130286,38,5
2021,관악구,청림동,관악구_청림동,15214.0,2729.0,654,0.1793742605494938,0.2396482227922315,0.4322892663868579,0.3769390497129595,1.0,1.452341901315872,0.4046141580499087,174,C,0.5832299106349361,42,5
2021,관악구,성현동,관악구_성현동,29394.0,5374.0,1315,0.1828264271620058,0.2446966877558615,0.4470248847855849,0.3848797035752236,1.0,1.452341901315872,0.4159522941804042,150,B,0.591166605926283,36,5
2021,관악구,행운동,관악구_행운동,29413.0,4384.0,1101,0.1490497399109237,0.2511405109489051,0.3028486528791744,0.3950150952030179,1.0,1.452341901315872,0.3489318740410961,264,D,0.5442523118287673,81,5
2021,관악구,낙성대동,관악구_낙성대동,17434.0,2021.0,528,0.1159229092577721,0.2612568035625928,0.1614463423722388,0.4109268582029364,1.0,1.452341901315872,0.2861866002875876,353,E,0.5003306202013114,140,4
2021,관악구,청룡동,관악구_청룡동,36482.0,4552.0,1248,0.1247738610821775,0.2741652021089631,0.1992267461561252,0.4312302822162386,1.0,1.452341901315872,0.3152285141861819,309,D,0.5206599599303273,115,4
2021,관악구,은천동,관악구_은천동,33631.0,5911.0,1454,0.1757604591002349,0.2459820673320927,0.4168637075705358,0.3869014575875831,1.0,1.452341901315872,0.4018825825790594,181,C,0.5813178078053416,43,5
2021,관악구,중앙동,관악구_중앙동,15487.0,2351.0,676,0.151804739458901,0.2875372182050191,0.314608404532099,0.4522629232317477,1.0,1.452341901315872,0.3834356638819233,209,C,0.5684049647173464,55,5
2021,관악구,인헌동,관악구_인헌동,26154.0,4023.0,908,0.1538196834136269,0.2257022122793935,0.3232092191926807,0.3550035815974558,1.0,1.452341901315872,0.3391064003950682,279,D,0.5373744802765478,89,4
2021,관악구,남현동,관악구_남현동,18274.0,2791.0,573,0.1527306555762285,0.2053027588677893,0.3185606896056868,0.3229175911651364,1.0,1.452341901315872,0.3207391403854116,301,D,0.5245173982697882,108,4
2021,관악구,서원동,관악구_서원동,23278.0,3323.0,795,0.1427528138156199,0.2392416491122479,0.2759701413701759,0.3762995561469914,1.0,1.452341901315872,0.3261348487585837,296,D,0.5282943941310085,99,4
2021,관악구,신원동,관악구_신원동,18675.0,3262.0,971,0.1746720214190093,0.2976701410177805,0.4122176970728952,0.4682008436192001,1.0,1.452341901315872,0.4402092703460477,119,B,0.6081464892422332,28,5
2021,관악구,서림동,관악구_서림동,23689.0,3539.0,824,0.1493942336105365,0.2328341339361401,0.3043191287478249,0.366221272847568,1.0,1.452341901315872,0.3352702007976965,286,D,0.5346891405583876,93,4
2021,관악구,신사동,관악구_신사동,24838.0,3604.0,984,0.1451002496175215,0.2730299667036626,0.2859902018350914,0.4294446876898586,1.0,1.452341901315872,0.357717444762475,248,C,0.5504022113337325,75,5
2021,관악구,신림동,관악구_신림동,23128.0,1992.0,625,0.0861293670010377,0.3137550200803213,0.0342722170416745,0.4935005055901486,1.0,1.452341901315872,0.2638863613159116,372,E,0.4847204529211381,158,4
2021,관악구,난향동,관악구_난향동,15420.0,2721.0,609,0.1764591439688716,0.2238147739801543,0.4198460530830264,0.3520348585640959,1.0,1.452341901315872,0.3859404558235612,206,C,0.5701583190764927,53,5
2021,관악구,조원동,관악구_조원동,18786.0,2881.0,750,0.1533588842755243,0.2603262755987504,0.3212422920365774,0.4094632449020101,1.0,1.452341901315872,0.3653527684692937,238,C,0.5557469379285056,65,5
2021,관악구,대학동,관악구_대학동,24921.0,3055.0,826,0.1225873761085028,0.2703764320785597,0.1898937064094787,0.4252709833814654,1.0,1.452341901315872,0.3075823448954721,318,D,0.5153076414268304,120,4
2021,관악구,삼성동,관악구_삼성동,22041.0,5549.0,1518,0.2517580872011252,0.2735628041088484,0.7412605784643818,0.4302827795514303,1.0,1.452341901315872,0.585771679007906,20,A,0.7100401753055341,8,5
2021,관악구,미성동,관악구_미성동,31056.0,5877.0,1317,0.1892387944358578,0.2240939254721796,0.4743961584771556,0.352473931705987,1.0,1.452341901315872,0.4134350450915713,157,B,0.5894045315640999,37,5
2021,관악구,난곡동,관악구_난곡동,27216.0,5450.0,1518,0.2002498530276308,0.2785321100917431,0.5213970062885903,0.4380989254552085,1.0,1.452341901315872,0.4797479658718994,73,A,0.6358235761103296,23,5
2021,서초구,서초1동,서초구_서초1동,20711.0,3022.0,610,0.1459127999613731,0.2018530774321641,0.2894585836198395,0.3174916396308147,0.5592781254771128,2.389663469461749,0.3034751116253271,327,D,0.38021601578086284,318,2
2021,서초구,서초2동,서초구_서초2동,26595.0,3217.0,429,0.1209625869524346,0.1333540565744482,0.1829582726168469,0.2097505701267825,0.5592781254771128,2.389663469461749,0.1963544213718147,411,E,0.3052315326034041,386,1
2021,서초구,서초3동,서초구_서초3동,32769.0,4827.0,812,0.1473038542524947,0.1682204267661073,0.2953963170802078,0.2645913542304827,0.5592781254771128,2.389663469461749,0.2799938356553453,360,E,0.3637791226018755,336,2
2021,서초구,서초4동,서초구_서초4동,31089.0,4297.0,493,0.1382160892920325,0.1147312078194088,0.2566050733235079,0.1804589741746665,0.5592781254771128,2.389663469461749,0.2185320237490872,403,E,0.32075585426749487,377,1
2021,서초구,잠원동,서초구_잠원동,26946.0,3327.0,611,0.1234691605433088,0.183648932972648,0.1936576148182281,0.2888586173056023,0.5592781254771128,2.389663469461749,0.2412581160619152,389,E,0.33666411888647446,366,1
2021,서초구,반포본동,서초구_반포본동,2000.0,282.0,3,0.141,0.0106382978723404,0.2684882326415015,0.0167328171427332,0.5592781254771128,2.389663469461749,0.1426105248921173,424,E,0.267610805067616,408,1
2021,서초구,반포1동,서초구_반포1동,34815.0,4044.0,694,0.1161568289530374,0.1716122650840751,0.1624448316551381,0.2699263252035963,0.5592781254771128,2.389663469461749,0.2161855784293672,405,E,0.31911334254369084,379,1
2021,서초구,반포2동,서초구_반포2동,15801.0,1980.0,211,0.1253085247769128,0.1065656565656565,0.2015089651396233,0.1676155026307931,0.5592781254771128,2.389663469461749,0.1845622338852082,413,E,0.2969770013627796,393,1
2021,서초구,반포3동,서초구_반포3동,22245.0,3085.0,439,0.1386828500786693,0.1423014586709886,0.2585974478544594,0.2238238029860708,0.5592781254771128,2.389663469461749,0.2412106254202651,391,E,0.3366308754373194,367,1
2021,서초구,반포4동,서초구_반포4동,19807.0,2865.0,400,0.1446458322815166,0.1396160558464223,0.2840505154848251,0.2195999736707743,0.5592781254771128,2.389663469461749,0.2518252445777997,379,E,0.34406110884759356,359,1
2021,서초구,방배본동,서초구_방배본동,21083.0,3093.0,516,0.1467058767727553,0.1668283220174587,0.2928438423761955,0.2624017338154321,0.5592781254771128,2.389663469461749,0.2776227880958137,362,E,0.3621193893102035,342,1
2021,서초구,방배1동,서초구_방배1동,16980.0,2901.0,503,0.1708480565371024,0.1733884867287142,0.3958950528917933,0.2727201172501591,0.5592781254771128,2.389663469461749,0.3343075850709762,289,D,0.40179874719281716,288,2
2021,서초구,방배2동,서초구_방배2동,19474.0,3523.0,729,0.1809078771695594,0.2069259154130003,0.4388355290154705,0.3254706294416508,0.5592781254771128,2.389663469461749,0.3821530792285607,210,C,0.43529059310312623,233,3
2021,서초구,방배3동,서초구_방배3동,18861.0,3398.0,435,0.1801601187635862,0.1280164802825191,0.4356437124661402,0.2013551774474281,0.5592781254771128,2.389663469461749,0.3184994449567842,305,D,0.3907330491128827,298,2
2021,서초구,방배4동,서초구_방배4동,23817.0,3559.0,655,0.1494310786413066,0.1840404608035965,0.3044764022442286,0.2894744454841482,0.5592781254771128,2.389663469461749,0.2969754238641884,339,D,0.3756662343480657,326,2
2021,서초구,양재1동,서초구_양재1동,43408.0,6995.0,1433,0.1611454109841504,0.2048606147248034,0.3544791832729245,0.322222149358177,0.5592781254771128,2.389663469461749,0.3383506663155508,281,D,0.4046289040640193,287,2
2021,서초구,양재2동,서초구_양재2동,22144.0,2977.0,742,0.1344382225433526,0.2492442055760833,0.2404791996278349,0.3920324252842982,0.5592781254771128,2.389663469461749,0.3162558124560666,307,D,0.38916250636238037,303,2
2021,서초구,내곡동,서초구_내곡동,17622.0,3286.0,603,0.1864714561343775,0.1835057821059038,0.462583738693302,0.2886334574815593,0.5592781254771128,2.389663469461749,0.3756085980874306,221,C,0.4307094563043353,246,3
2021,강남구,신사동,강남구_신사동,16213.0,3032.0,518,0.1870104237340406,0.170844327176781,0.4648843289513528,0.268718447333102,0.558880304830466,2.3905095492547237,0.3668013881422274,236,C,0.42442506314869893,254,3
2021,강남구,논현1동,강남구_논현1동,22702.0,2966.0,700,0.1306492820015857,0.2360080917060013,0.2243060573013365,0.3712135428158614,0.558880304830466,2.3905095492547237,0.297759800058599,337,D,0.37609595149015906,324,2
2021,강남구,논현2동,강남구_논현2동,21331.0,3155.0,614,0.1479068023065022,0.1946117274167987,0.2979700087455835,0.3061018301774927,0.558880304830466,2.3905095492547237,0.3020359194615382,330,D,0.3790892350722165,319,2
2021,강남구,압구정동,강남구_압구정동,26446.0,5173.0,820,0.1956061408152461,0.158515368258264,0.5015752598910673,0.2493264151095835,0.558880304830466,2.3905095492547237,0.3754508375003254,222,C,0.43047967769936757,247,3
2021,강남구,청담동,강남구_청담동,25911.0,3733.0,618,0.1440700860638339,0.1655504955799625,0.2815929352140658,0.2603918600202672,0.558880304830466,2.3905095492547237,0.2709923976171665,367,E,0.3573587697811563,351,1
2021,강남구,삼성1동,강남구_삼성1동,13136.0,2154.0,325,0.1639768574908648,0.1508820798514391,0.3665652497704486,0.2373201317133237,0.558880304830466,2.3905095492547237,0.3019426907418862,332,D,0.3790239749684601,320,2
2021,강남구,삼성2동,강남구_삼성2동,30692.0,3652.0,688,0.1189886615404665,0.1883899233296823,0.1745325461432493,0.2963156490292558,0.558880304830466,2.3905095492547237,0.2354240975862525,393,E,0.33246095975951656,368,1
2021,강남구,대치1동,강남구_대치1동,24199.0,2533.0,229,0.1046737468490433,0.0904066324516383,0.1134291452996691,0.1421992190345341,0.558880304830466,2.3905095492547237,0.1278141821671016,425,E,0.2571340189661109,411,1
2021,강남구,대치2동,강남구_대치2동,36663.0,4968.0,600,0.1355044595368627,0.1207729468599033,0.2450304461991987,0.189961933746005,0.558880304830466,2.3905095492547237,0.2174961899726019,404,E,0.31991142442996107,378,1
2021,강남구,대치4동,강남구_대치4동,20079.0,2105.0,452,0.1048358982021017,0.2147268408551068,0.114121290473904,0.3377405865845361,0.558880304830466,2.3905095492547237,0.22593093852922,397,E,0.3258157484195938,373,1
2021,강남구,역삼1동,강남구_역삼1동,36590.0,3706.0,930,0.1012845039628313,0.2509444144630329,0.0989621176507691,0.3947066580188172,0.558880304830466,2.3905095492547237,0.2468343878347932,387,E,0.340448162933495,362,1
2021,강남구,역삼2동,강남구_역삼2동,36378.0,3665.0,684,0.1007477046566606,0.1866302864938608,0.0966707827818887,0.2935479429765823,0.558880304830466,2.3905095492547237,0.1951093628792355,412,E,0.3042406454646046,388,1
2021,강남구,도곡1동,강남구_도곡1동,21539.0,2974.0,457,0.1380751195505826,0.1536650975117686,0.2560033421358404,0.241697497921161,0.558880304830466,2.3905095492547237,0.2488504200285007,384,E,0.3418593854690903,360,1
2021,강남구,도곡2동,강남구_도곡2동,33261.0,4895.0,674,0.1471693575057875,0.1376915219611849,0.2948222159553768,0.2165729035536271,0.558880304830466,2.3905095492547237,0.255697559754502,377,E,0.34665238327729114,356,1
2021,강남구,개포1동,강남구_개포1동,6489.0,1620.0,357,0.2496532593619972,0.2203703703703703,0.7322760932660158,0.3466172084418771,0.558880304830466,2.3905095492547237,0.5394466508539465,37,A,0.5452767470469023,80,5
2021,강남구,개포2동,강남구_개포2동,27945.0,3640.0,510,0.1302558597244587,0.1401098901098901,0.2226267291587462,0.2203767180831401,0.558880304830466,2.3905095492547237,0.2215017236209431,400,E,0.3227152979838,375,1
2021,강남구,개포4동,강남구_개포4동,23870.0,3240.0,615,0.135735232509426,0.1898148148148148,0.2460155036550317,0.2985568392041379,0.558880304830466,2.3905095492547237,0.2722861714295848,365,E,0.3582644114498491,350,1
2021,강남구,세곡동,강남구_세곡동,43396.0,6564.0,1264,0.1512581804774633,0.1925655088360755,0.3122754103615187,0.3028833640510342,0.558880304830466,2.3905095492547237,0.3075793872062765,319,D,0.3829696624935333,312,2
2021,강남구,일원본동,강남구_일원본동,23291.0,3088.0,463,0.1325834013138122,0.1499352331606217,0.2325618709168442,0.2358308509345967,0.558880304830466,2.3905095492547237,0.2341963609257204,394,E,0.3316015440971441,369,1
2021,강남구,일원1동,강남구_일원1동,15214.0,3298.0,977,0.2167740239253319,0.2962401455427532,0.5919306461834202,0.4659516254561347,0.558880304830466,2.3905095492547237,0.5289411358197774,41,A,0.5379228865229839,88,4
2021,강남구,일원2동,강남구_일원2동,17585.0,3420.0,1033,0.1944839351720216,0.302046783625731,0.4967851104053731,0.4750847983022456,0.558880304830466,2.3905095492547237,0.4859349543538094,64,A,0.5078185594968063,131,4
2021,강남구,수서동,강남구_수서동,14870.0,4645.0,1904,0.312373907195696,0.4099031216361679,1.0,0.6447303941739114,0.558880304830466,2.3905095492547237,0.8223651970869557,1,A,0.7433197294100087,6,5
2021,송파구,풍납1동,송파구_풍납1동,13451.0,2737.0,702,0.2034792952196862,0.2564852027767629,0.5351819225815646,0.4034216798007595,0.8117165476012058,1.8527807065133943,0.469301801191162,85,A,0.5720262251141752,50,5
2021,송파구,풍납2동,송파구_풍납2동,24953.0,3821.0,757,0.1531278804151805,0.19811567652447,0.3202562490332294,0.3116131385089268,0.8117165476012058,1.8527807065133943,0.3159346937710782,308,D,0.4646692499201164,184,3
2021,송파구,거여1동,송파구_거여1동,12614.0,2414.0,590,0.1913746630727762,0.2444076222038111,0.4835131417274335,0.3844250367588996,0.8117165476012058,1.8527807065133943,0.4339690892431666,125,B,0.5472933267505783,79,5
2021,송파구,거여2동,송파구_거여2동,18806.0,3550.0,1014,0.1887695416356481,0.2856338028169014,0.4723931467536306,0.4492690700779601,0.8117165476012058,1.8527807065133943,0.4608311084157954,91,B,0.5660967401714185,59,5
2021,송파구,마천1동,송파구_마천1동,19071.0,4211.0,1197,0.2208064600702637,0.2842555212538589,0.6091431526811039,0.4471011919415946,0.8117165476012058,1.8527807065133943,0.5281221723113493,42,A,0.6132004848983061,27,5
2021,송파구,마천2동,송파구_마천2동,18866.0,4058.0,1099,0.2150959397858581,0.2708230655495318,0.5847677220561145,0.4259734863842278,0.8117165476012058,1.8527807065133943,0.5053706042201711,54,A,0.5972743872344815,34,5
2021,송파구,방이1동,송파구_방이1동,15766.0,2246.0,352,0.1424584549029557,0.1567230632235084,0.2747136664962337,0.2465073257429903,0.8117165476012058,1.8527807065133943,0.260610496119612,375,E,0.4259423115640901,252,3
2021,송파구,방이2동,송파구_방이2동,27015.0,3544.0,843,0.1311863779381825,0.2378668171557562,0.2265986583410752,0.3741371038443749,0.8117165476012058,1.8527807065133943,0.3003678810927251,334,D,0.45377248104526924,201,3
2021,송파구,오륜동,송파구_오륜동,18079.0,2856.0,300,0.1579733392333646,0.1050420168067226,0.3409391534598942,0.1652189927958951,0.8117165476012058,1.8527807065133943,0.2530790731278946,378,E,0.420670315469888,259,2
2021,송파구,오금동,송파구_오금동,38654.0,6393.0,1258,0.1653903865059243,0.1967777256374159,0.3725989168842991,0.3095086958802576,0.8117165476012058,1.8527807065133943,0.3410538063822784,276,D,0.48225262874795655,161,4
2021,송파구,송파1동,송파구_송파1동,24176.0,3460.0,681,0.1431171409662475,0.1968208092485549,0.2775252765842431,0.3095764614378392,0.8117165476012058,1.8527807065133943,0.2935508690110411,343,E,0.4490005725880905,208,3
2021,송파구,송파2동,송파구_송파2동,19283.0,2902.0,419,0.1504952548877249,0.1443831840110268,0.309018852489641,0.2270981171549586,0.8117165476012058,1.8527807065133943,0.2680584848222999,370,E,0.43115590365597156,243,3
2021,송파구,석촌동,송파구_석촌동,32169.0,4493.0,1123,0.1396686250738288,0.2499443578900511,0.2628052413320479,0.3931336842246166,0.8117165476012058,1.8527807065133943,0.3279694627783323,293,D,0.47309358822519426,172,3
2021,송파구,삼전동,송파구_삼전동,30695.0,3988.0,1016,0.129923440299723,0.2547642928786359,0.2212077924905462,0.4007148867601785,0.8117165476012058,1.8527807065133943,0.3109613396253624,313,D,0.4611879020181154,189,3
2021,송파구,가락본동,송파구_가락본동,26523.0,3811.0,796,0.1436866116201033,0.2088690632379952,0.2799560695286155,0.3285269771419232,0.8117165476012058,1.8527807065133943,0.3042415233352694,324,D,0.4564840306150503,198,3
2021,송파구,가락1동,송파구_가락1동,27365.0,3460.0,464,0.1264388817832998,0.1341040462427745,0.2063339088257353,0.2109302174848125,0.8117165476012058,1.8527807065133943,0.2086320631552739,408,E,0.38955740848905346,302,2
2021,송파구,가락2동,송파구_가락2동,32406.0,4280.0,686,0.1320743072270567,0.1602803738317757,0.2303887961398945,0.2521025655682262,0.8117165476012058,1.8527807065133943,0.2412456808540603,390,E,0.41238694087820393,276,2
2021,송파구,문정1동,송파구_문정1동,20198.0,2965.0,484,0.1467967125457966,0.1632377740303541,0.2932315760631036,0.2567542154218516,0.8117165476012058,1.8527807065133943,0.2749928957424776,363,E,0.43600999130009604,229,3
2021,송파구,문정2동,송파구_문정2동,29072.0,4003.0,476,0.1376926252063841,0.1189108168873345,0.2543706600180792,0.1870330177952672,0.8117165476012058,1.8527807065133943,0.2207018389066732,402,E,0.39800625151503294,292,2
2021,송파구,장지동,송파구_장지동,29693.0,4362.0,894,0.1469033105445727,0.2049518569463548,0.2936865910169997,0.3223656628626152,0.8117165476012058,1.8527807065133943,0.3080261269398074,317,D,0.45913325313822695,194,3
2021,송파구,위례동,송파구_위례동,39206.0,3062.0,405,0.0781002907718206,0.1322664924885695,0.0,0.2080399570946614,0.8117165476012058,1.8527807065133943,0.1040199785473307,426,E,0.3163289492634932,380,1
2021,송파구,잠실본동,송파구_잠실본동,28439.0,3783.0,943,0.1330215549069939,0.2492730637060534,0.2344321352678624,0.392077815798614,0.8117165476012058,1.8527807065133943,0.3132549755332382,310,D,0.46279344715362847,187,3
2021,송파구,잠실2동,송파구_잠실2동,35145.0,3706.0,526,0.1054488547446294,0.1419320021586616,0.1167377035036097,0.2232426904493526,0.8117165476012058,1.8527807065133943,0.1699901969764811,420,E,0.3625081021638985,340,2
2021,송파구,잠실3동,송파구_잠실3동,34475.0,5796.0,737,0.1681218274111675,0.1271566597653554,0.3842581081621642,0.2000027788154367,0.8117165476012058,1.8527807065133943,0.2921304434888004,345,E,0.448006274722522,209,3
2021,송파구,잠실4동,송파구_잠실4동,21376.0,2802.0,389,0.1310815868263473,0.1388294075660242,0.2261513561077516,0.218362666538609,0.8117165476012058,1.8527807065133943,0.2222570113231803,399,E,0.39909487220658796,290,2
2021,송파구,잠실6동,송파구_잠실6동,16905.0,2832.0,343,0.1675244010647737,0.1211158192090395,0.381707985978056,0.1905012324562161,0.8117165476012058,1.8527807065133943,0.286104609217136,355,E,0.443788190732357,217,3
2021,송파구,잠실7동,송파구_잠실7동,9564.0,2156.0,247,0.2254286909242994,0.1145640074211502,0.628873205619172,0.1801959872077827,0.8117165476012058,1.8527807065133943,0.4045345964134774,175,C,0.5266891817697958,101,4
2021,강동구,강일동,강동구_강일동,32982.0,5321.0,0,0.1613304226547814,0.0,0.3552689080121212,0.0,0.7878194714281859,1.9036046982584043,0.1776344540060606,417,E,0.36068995923269814,346,1
2021,강동구,상일1동,강동구_상일1동,38929.0,4396.0,609,0.1129235274474042,0.1385350318471337,0.1486434418316116,0.2178996474415162,0.7878194714281859,1.9036046982584043,0.1832715446365639,414,E,0.36463592267405043,333,2
2021,강동구,상일2동,강동구_상일2동,10200.0,1496.0,392,0.1466666666666666,0.2620320855614973,0.2926764735248192,0.4121462874835783,0.7878194714281859,1.9036046982584043,0.3524113805041988,259,D,0.4830338077813948,160,4
2021,강동구,명일1동,강동구_명일1동,25941.0,4033.0,701,0.1554681777880575,0.1738160178527151,0.3302458390203607,0.273392574461508,0.7878194714281859,1.9036046982584043,0.3018192067409344,333,D,0.4476192861471098,212,3
2021,강동구,명일2동,강동구_명일2동,17568.0,2590.0,331,0.1474271402550091,0.1277992277992278,0.2959225649966241,0.2010134643162166,0.7878194714281859,1.9036046982584043,0.2484680146564203,385,E,0.41027345168795,278,2
2021,강동구,고덕1동,강동구_고덕1동,24417.0,2856.0,419,0.1169676864479665,0.1467086834733893,0.165905987492089,0.2307558599382668,0.7878194714281859,1.9036046982584043,0.1983309237151779,410,E,0.37517748802908024,327,2
2021,강동구,고덕2동,강동구_고덕2동,22329.0,2998.0,603,0.1342648573603833,0.2011340893929286,0.2397391880737572,0.3163607542643107,0.7878194714281859,1.9036046982584043,0.2780499711690339,361,E,0.4309808212467795,245,3
2021,강동구,암사1동,강동구_암사1동,34782.0,6063.0,1593,0.1743143005002587,0.2627412172191984,0.4106907606461173,0.4132616698972712,0.7878194714281859,1.9036046982584043,0.4119762152716943,161,B,0.5247291921186417,107,4
2021,강동구,암사2동,강동구_암사2동,15252.0,2379.0,436,0.1559795436664044,0.1832702816309373,0.3324286109694719,0.288263042361403,0.7878194714281859,1.9036046982584043,0.3103458266654374,314,D,0.45358792009426196,202,3
2021,강동구,암사3동,강동구_암사3동,17947.0,2670.0,329,0.1487713824037443,0.1232209737827715,0.3016604802141153,0.193812398110924,0.7878194714281859,1.9036046982584043,0.2477364391625197,386,E,0.4097613488422195,279,2
2021,강동구,천호1동,강동구_천호1동,26973.0,5228.0,1396,0.1938234530827123,0.2670237184391736,0.4939658339567855,0.4199975510210448,0.7878194714281859,1.9036046982584043,0.4569816924889152,100,B,0.5562330261706964,64,5
2021,강동구,천호2동,강동구_천호2동,33753.0,5913.0,1683,0.1751844280508399,0.2846270928462709,0.4144049114918823,0.4476856312556534,0.7878194714281859,1.9036046982584043,0.4310452713737679,131,B,0.5380775313900932,87,4
2021,강동구,천호3동,강동구_천호3동,27000.0,4651.0,1348,0.1722592592592592,0.2898301440550419,0.4019187901939206,0.4558694314749538,0.7878194714281859,1.9036046982584043,0.4288941108344372,133,B,0.5365717190125617,91,4
2021,강동구,성내1동,강동구_성내1동,20045.0,3113.0,543,0.1553005737091544,0.1744298104722133,0.3295304188144426,0.2743579995500765,0.7878194714281859,1.9036046982584043,0.3019442091822596,331,D,0.44770678785603746,211,3
2021,강동구,성내2동,강동구_성내2동,24106.0,4371.0,1206,0.1813241516634862,0.2759094028826355,0.4406124021447677,0.4339737091212096,0.7878194714281859,1.9036046982584043,0.4372930556329886,121,B,0.5424509803715478,84,5
2021,강동구,성내3동,강동구_성내3동,23346.0,3849.0,842,0.1648676432793626,0.2187581189919459,0.370367580575323,0.3440813227365674,0.7878194714281859,1.9036046982584043,0.3572244516559452,250,C,0.4864029575876173,155,4
2021,강동구,길동,강동구_길동,45973.0,7986.0,1719,0.1737106562547582,0.215251690458302,0.4081140972782358,0.3385661145536799,0.7878194714281859,1.9036046982584043,0.3733401059159579,227,C,0.4976839155696262,145,4
2021,강동구,둔촌1동,강동구_둔촌1동,144.0,39.0,3,0.2708333333333333,0.0769230769230769,0.8226835164092802,0.1209911393397631,0.7878194714281859,1.9036046982584043,0.4718373278745217,82,A,0.5666319709406209,58,5
2021,강동구,둔촌2동,강동구_둔촌2동,24785.0,4118.0,815,0.1661488803711922,0.1979116075764934,0.3758365578822317,0.3112921615601726,0.7878194714281859,1.9036046982584043,0.3435643597212022,272,D,0.47684089323329726,166,4
